year,state_po,district,CollegeGrad,MedianAge,Hispanic,White,Black,NativeAmerican,Asian,republican_victory,republican_president,midterm,pvi
2012,AL,1,22.2,38.7,2.9,65.6,27.6,1.1,1.4,True,False,False,14.63
2012,AL,2,21.6,37.8,3.4,63.4,29.8,0.3,1.3,True,False,False,18.21
2012,AL,3,20.200000000000003,37.3,2.7,68.8,25.8,0.3,1.3,True,False,False,15.91
2012,AL,4,15.2,40.6,5.0,84.6,7.1,0.5,0.7,True,False,False,25.14
2012,AL,5,30.1,38.9,4.9,73.6,17.0,0.7,1.4,True,False,False,15.45
2012,AL,6,34.0,38.6,5.0,77.8,14.0,0.2,1.8,True,False,False,27.94
2012,AL,7,19.0,35.5,3.1,32.3,63.1,0.1,0.6,False,False,False,-17.78
2012,AK,0,28.0,33.8,6.0,63.0,3.4,13.8,5.8,True,False,False,14.06
2012,AZ,1,23.1,36.3,21.3,49.3,2.2,23.5,1.6,False,False,False,3.91
2012,AZ,2,32.2,40.6,26.2,63.5,4.4,0.8,2.4,False,False,False,2.91
2012,AZ,3,15.7,30.1,63.6,26.2,4.4,2.9,1.7,False,False,False,-5.83
2012,AZ,4,18.7,45.7,17.5,76.4,1.5,1.5,1.1,True,False,False,17.33
2012,AZ,5,33.0,37.8,18.0,73.0,2.5,0.6,3.8,True,False,False,16.42
2012,AZ,6,41.5,40.8,14.4,75.2,2.5,1.4,4.4,True,False,False,11.11
2012,AZ,7,14.4,29.0,63.8,21.1,9.2,2.3,2.2,False,False,False,-11.91
2012,AZ,8,27.7,40.5,19.1,70.5,4.5,0.5,3.5,True,False,False,13.84
2012,AZ,9,35.9,32.7,27.4,57.1,4.9,2.7,4.7,False,False,False,1.27
2012,AR,1,15.1,39.4,2.9,76.8,17.9,0.3,0.4,True,False,False,10.05
2012,AR,2,28.3,36.4,5.0,69.7,22.0,0.3,1.6,True,False,False,6.55
2012,AR,3,23.9,35.0,13.2,77.2,2.6,0.9,2.6,True,False,False,17.32
2012,AR,4,16.6,40.5,5.5,71.8,20.0,0.6,0.6,True,False,False,12.15
2012,CA,1,22.0,42.3,12.9,78.2,1.4,1.7,2.6,True,False,False,9.85
2012,CA,2,38.9,43.0,16.7,72.0,1.8,1.7,4.1,False,False,False,-19.67
2012,CA,3,23.8,34.6,28.4,49.6,4.9,0.6,11.3,False,False,False,-1.92
2012,CA,4,30.3,43.7,12.3,77.5,1.1,1.1,4.8,True,False,False,9.92
2012,CA,5,29.2,39.7,27.5,52.1,6.0,0.4,10.0,False,False,False,-18.55
2012,CA,6,25.3,33.4,27.2,38.9,12.4,0.3,15.1,False,False,False,-14.61
2012,CA,7,31.2,36.9,16.2,55.2,7.1,0.7,14.7,False,False,False,1.93
2012,CA,8,14.5,33.6,35.7,48.7,9.7,1.0,2.6,True,False,False,11.17
2012,CA,9,20.1,33.5,38.5,34.8,8.1,0.5,13.8,False,False,False,-3.18
2012,CA,10,16.8,34.0,41.2,45.5,3.1,0.4,6.1,True,False,False,3.51
2012,CA,11,41.5,39.0,25.5,48.1,9.0,0.3,12.8,False,False,False,-16.94
2012,CA,12,55.1,38.3,14.6,44.1,5.6,0.2,31.0,False,False,False,-33.9
2012,CA,13,44.900000000000006,36.6,22.1,34.1,17.6,0.4,20.2,False,False,False,-36.69
2012,CA,14,41.4,39.8,24.7,35.3,3.1,0.1,31.8,False,False,False,-22.46
2012,CA,15,41.0,37.5,23.0,36.2,6.5,0.3,28.3,False,False,False,-14.91
2012,CA,16,11.1,29.4,59.1,22.7,5.9,0.5,9.5,False,False,False,-3.69
2012,CA,17,52.0,36.4,17.2,25.1,2.9,0.3,51.1,False,False,False,-17.54
2012,CA,18,58.1,39.4,17.5,56.4,1.7,0.2,19.9,False,False,False,-18.11
2012,CA,19,32.0,35.1,40.8,26.7,2.6,0.2,26.2,False,False,False,-16.0
2012,CA,20,27.4,33.5,51.7,38.3,1.9,0.2,5.3,False,False,False,-19.39
2012,CA,21,7.800000000000001,28.5,72.7,18.3,4.0,0.5,2.9,True,False,False,2.03
2012,CA,22,23.6,31.4,45.1,42.4,2.8,0.4,7.0,True,False,False,11.31
2012,CA,23,19.1,33.6,37.2,49.3,5.1,0.8,5.2,True,False,False,17.1
2012,CA,24,31.5,35.6,35.1,55.9,1.7,0.3,4.5,False,False,False,-3.73
2012,CA,25,28.1,34.7,37.9,43.5,6.4,0.2,8.1,True,False,False,4.53
2012,CA,26,31.2,36.3,44.4,44.7,1.7,0.2,6.4,False,False,False,-3.2
2012,CA,27,40.7,41.1,26.9,29.2,4.3,0.1,36.7,False,False,False,-9.01
2012,CA,28,41.2,38.4,28.1,53.6,2.6,0.2,12.3,False,False,False,-18.73
2012,CA,29,20.3,32.6,67.7,18.2,3.7,0.3,8.5,False,False,False,-22.33
2012,CA,30,42.4,39.0,28.4,51.0,4.5,0.1,11.9,False,False,False,-13.51
2012,CA,31,22.3,31.5,52.1,27.4,9.4,0.4,8.0,True,False,False,-3.05
2012,CA,32,19.5,34.4,62.3,17.4,2.7,0.2,15.5,False,False,False,-9.37
2012,CA,33,61.3,41.4,11.7,67.8,2.7,0.2,12.8,False,False,False,-11.77
2012,CA,34,21.9,34.0,65.7,10.0,3.8,0.0,19.1,False,False,False,-27.67
2012,CA,35,13.8,30.6,69.8,15.5,6.4,0.3,6.2,False,False,False,-11.67
2012,CA,36,20.3,39.1,46.5,43.1,4.3,0.7,3.3,False,False,False,2.77
2012,CA,37,36.5,35.4,35.2,25.2,25.6,0.1,10.2,False,False,False,-32.84
2012,CA,38,21.9,35.8,60.5,17.4,4.0,0.3,15.8,False,False,False,-8.85
2012,CA,39,38.9,38.0,32.6,32.3,1.7,0.2,30.4,True,False,False,5.91
2012,CA,40,9.1,29.7,87.1,5.3,4.5,0.0,2.5,False,False,False,-25.87
2012,CA,41,17.1,30.1,58.3,24.9,9.0,0.4,4.8,False,False,False,-5.18
2012,CA,42,22.5,34.1,37.7,45.1,4.9,0.4,8.2,True,False,False,10.77
2012,CA,43,24.0,33.9,46.9,14.4,23.4,0.1,12.3,False,False,False,-23.42
2012,CA,44,11.4,29.8,70.9,6.8,14.8,0.2,4.7,False,False,False,-29.53
2012,CA,45,52.1,38.5,18.6,53.3,1.5,0.1,22.5,True,False,False,7.16
2012,CA,46,16.8,30.6,66.4,19.3,1.6,0.2,11.1,False,False,False,-4.47
2012,CA,47,30.6,36.5,34.6,32.7,7.1,0.3,20.6,False,False,False,-5.39
2012,CA,48,43.2,40.3,21.2,57.1,1.0,0.2,17.3,True,False,False,7.03
2012,CA,49,40.4,36.8,27.2,61.2,2.2,0.4,6.2,True,False,False,4.05
2012,CA,50,25.200000000000003,36.5,28.4,60.4,2.6,0.6,5.0,True,False,False,13.86
2012,CA,51,12.7,30.8,68.6,13.7,6.5,0.4,9.0,False,False,False,-12.18
2012,CA,52,56.1,36.3,13.7,59.5,2.9,0.4,19.7,False,False,False,-1.89
2012,CA,53,34.4,34.2,33.4,41.3,8.0,0.1,12.2,False,False,False,-7.86
2012,CO,1,44.5,34.5,28.3,57.1,8.7,0.5,3.1,False,False,False,-17.86
2012,CO,2,52.4,37.5,9.8,84.0,0.7,0.2,2.9,False,False,False,-8.2
2012,CO,3,29.1,39.6,24.4,71.2,0.9,1.4,0.6,True,False,False,4.38
2012,CO,4,32.3,36.3,21.8,72.9,1.5,0.6,1.7,True,False,False,11.65
2012,CO,5,33.2,35.3,14.9,72.8,5.6,0.5,2.3,True,False,False,13.99
2012,CO,6,39.7,35.6,20.1,62.5,9.0,0.3,5.5,True,False,False,0.27
2012,CO,7,30.5,36.1,27.6,65.5,1.1,0.6,3.2,False,False,False,-4.06
2012,CT,1,34.5,40.8,15.1,63.8,13.9,0.2,4.7,False,False,False,-12.63
2012,CT,2,34.0,41.3,7.3,83.4,3.5,0.2,3.4,False,False,False,-5.9
2012,CT,3,34.4,40.3,13.3,67.5,12.8,0.3,4.1,False,False,False,-9.51
2012,CT,4,49.1,39.3,18.6,63.3,11.3,0.1,5.1,False,False,False,-5.78
2012,CT,5,33.599999999999994,40.4,16.6,72.3,5.7,0.1,3.1,False,False,False,-2.91
2012,DE,0,29.5,39.2,8.6,64.3,20.9,0.3,3.3,False,False,False,-7.98
2012,FL,1,25.200000000000003,38.4,5.8,74.2,12.8,0.3,2.6,True,False,False,21.31
2012,FL,2,27.4,36.6,5.7,65.2,24.5,0.3,1.9,True,False,False,4.78
2012,FL,3,24.2,38.2,8.5,72.8,13.0,0.2,3.0,True,False,False,13.01
2012,FL,4,29.0,37.5,8.3,71.3,13.0,0.3,4.1,True,False,False,19.21
2012,FL,5,15.2,34.2,12.2,31.2,51.3,0.2,2.1,False,False,False,-18.39
2012,FL,6,27.8,46.4,6.8,79.1,10.2,0.2,1.8,True,False,False,6.79
2012,FL,7,32.7,37.7,20.3,65.9,8.2,0.3,3.5,True,False,False,4.46
2012,FL,8,26.6,46.9,9.6,76.4,9.5,0.2,2.0,True,False,False,8.84
2012,FL,9,23.9,34.7,46.4,37.1,9.7,0.2,4.8,False,False,False,-5.23
2012,FL,10,28.0,40.1,17.1,65.6,11.0,0.1,3.4,True,False,False,6.37
2012,FL,11,17.7,52.1,8.8,79.7,8.4,0.3,1.3,True,False,False,9.16
2012,FL,12,28.2,45.2,11.9,79.1,4.1,0.3,2.7,True,False,False,6.23
2012,FL,13,27.8,47.0,9.3,79.1,5.7,0.4,3.5,True,False,False,1.48
2012,FL,14,25.6,35.1,29.6,40.7,24.5,0.2,2.9,False,False,False,-11.63
2012,FL,15,27.6,37.8,17.0,64.3,12.7,0.3,3.1,True,False,False,7.7
2012,FL,16,29.6,50.3,11.6,78.5,6.5,0.3,1.7,True,False,False,4.83
2012,FL,17,18.4,46.7,16.8,70.9,8.8,0.3,1.2,True,False,False,9.87
2012,FL,18,30.1,46.0,14.9,69.7,11.6,0.1,2.1,False,False,False,1.56
2012,FL,19,28.8,48.7,17.4,72.1,7.5,0.2,1.5,True,False,False,10.96
2012,FL,20,17.0,36.4,19.5,23.9,52.0,0.2,2.3,False,False,False,-27.78
2012,FL,21,35.5,44.0,20.9,61.8,11.7,0.1,3.3,False,False,False,-11.22
2012,FL,22,36.2,44.4,21.7,63.1,10.9,0.1,2.0,False,False,False,-4.42
2012,FL,23,36.7,41.1,38.1,45.7,10.1,0.3,3.7,False,False,False,-8.9
2012,FL,24,20.6,34.9,31.5,13.3,52.5,0.1,1.4,False,False,False,-32.57
2012,FL,25,24.200000000000003,38.6,71.8,19.3,6.4,0.1,1.6,True,False,False,7.25
2012,FL,26,28.0,39.9,68.5,19.6,8.9,0.2,1.8,False,False,False,3.34
2012,FL,27,29.9,40.6,72.0,19.4,6.3,0.0,1.5,True,False,False,4.93
2012,GA,1,23.6,34.4,6.7,59.9,29.2,0.3,1.8,True,False,False,9.06
2012,GA,2,16.4,35.5,4.4,41.4,51.2,0.1,1.0,False,False,False,-4.23
2012,GA,3,24.1,38.0,5.5,67.2,23.1,0.5,1.8,True,False,False,19.17
2012,GA,4,28.700000000000003,35.1,8.3,27.0,58.3,0.1,4.7,False,False,False,-18.29
2012,GA,5,38.400000000000006,33.2,7.6,28.3,58.6,0.2,3.7,False,False,False,-31.19
2012,GA,6,58.0,36.9,12.3,63.4,12.2,0.2,9.5,True,False,False,13.73
2012,GA,7,38.0,35.2,19.7,47.7,18.3,0.2,12.1,True,False,False,15.28
2012,GA,8,19.5,35.7,6.3,60.3,30.3,0.1,1.5,True,False,False,15.11
2012,GA,9,20.2,39.5,12.0,78.8,6.9,0.2,1.1,True,False,False,27.98
2012,GA,10,23.3,35.5,5.8,65.9,24.5,0.2,2.1,True,False,False,12.8
2012,GA,11,38.0,35.7,11.6,68.3,15.2,0.1,2.8,True,False,False,18.9
2012,GA,12,20.200000000000003,34.7,5.6,56.7,34.0,0.2,1.5,False,False,False,9.39
2012,GA,13,27.9,35.0,11.1,29.0,55.4,0.0,2.6,False,False,False,-12.5
2012,GA,14,15.7,37.0,10.6,78.0,8.6,0.1,0.7,True,False,False,24.51
2012,HI,1,34.0,39.0,8.0,16.9,2.0,0.2,49.8,False,False,False,-14.14
2012,HI,2,25.9,37.2,10.9,28.6,1.5,0.1,25.1,False,False,False,-17.59
2012,ID,1,23.8,36.6,10.4,84.7,0.4,1.1,1.0,True,False,False,17.93
2012,ID,2,27.2,33.4,12.9,82.1,0.6,1.0,1.4,True,False,False,16.15
2012,IL,1,26.3,37.4,8.9,36.0,52.0,0.1,1.5,False,False,False,-27.74
2012,IL,2,20.9,37.2,13.3,29.6,54.7,0.1,0.6,False,False,False,-27.62
2012,IL,3,25.0,37.5,29.2,60.7,4.3,0.0,4.3,False,False,False,-5.29
2012,IL,4,19.0,31.4,70.6,21.3,4.2,0.0,3.0,False,False,False,-27.0
2012,IL,5,49.6,35.5,20.6,68.5,2.5,0.1,6.2,False,False,False,-16.68
2012,IL,6,50.400000000000006,41.1,8.9,79.0,2.8,0.0,7.8,True,False,False,3.22
2012,IL,7,38.0,32.9,14.7,26.1,50.7,0.1,6.8,False,False,False,-36.49
2012,IL,8,32.9,35.4,28.1,53.4,4.8,0.1,11.3,False,False,False,-7.32
2012,IL,9,51.3,39.4,10.6,65.0,8.6,0.1,13.5,False,False,False,-15.42
2012,IL,10,42.3,37.1,22.8,60.1,6.2,0.2,8.9,False,False,False,-8.78
2012,IL,11,34.1,34.4,26.8,53.6,10.5,0.1,6.9,False,False,False,-7.41
2012,IL,12,21.6,38.5,2.9,77.1,16.4,0.2,1.1,False,False,False,-2.13
2012,IL,13,29.0,36.0,3.3,79.8,10.9,0.1,3.5,True,False,False,-1.47
2012,IL,14,38.6,37.7,10.8,79.9,3.4,0.1,4.4,True,False,False,4.64
2012,IL,15,17.8,40.3,2.4,90.8,4.4,0.2,0.5,True,False,False,10.42
2012,IL,16,20.5,39.5,8.5,84.8,3.8,0.1,1.3,True,False,False,3.37
2012,IL,17,17.0,40.2,8.5,77.3,10.7,0.2,1.1,False,False,False,-6.78
2012,IL,18,30.6,40.0,2.6,89.3,3.8,0.1,2.4,True,False,False,9.52
2012,IN,1,20.4,38.1,14.4,63.3,19.2,0.2,1.4,False,False,False,-9.8
2012,IN,2,20.5,37.3,8.5,81.5,6.7,0.3,1.1,True,False,False,5.23
2012,IN,3,21.4,37.0,5.7,84.4,6.1,0.2,1.6,True,False,False,11.85
2012,IN,4,22.8,36.3,5.5,87.0,3.6,0.1,2.3,True,False,False,10.7
2012,IN,5,42.4,37.6,3.9,82.6,8.5,0.2,2.6,True,False,False,8.74
2012,IN,6,18.1,39.7,2.1,92.4,2.2,0.2,1.0,True,False,False,10.63
2012,IN,7,22.1,33.4,10.8,55.7,28.3,0.3,1.8,False,False,False,-11.18
2012,IN,8,18.9,39.4,2.2,91.1,4.0,0.1,0.9,True,False,False,6.29
2012,IN,9,23.6,37.2,3.2,90.4,2.5,0.1,2.0,True,False,False,7.98
2012,IA,1,25.3,38.6,3.4,90.1,3.1,0.2,1.3,False,False,False,-5.28
2012,IA,2,26.9,37.9,5.1,87.5,3.6,0.1,2.0,False,False,False,-4.19
2012,IA,3,31.3,36.6,6.3,85.2,3.6,0.2,2.5,True,False,False,0.75
2012,IA,4,21.5,39.4,6.1,89.3,1.2,0.3,1.4,True,False,False,4.48
2012,KS,1,22.700000000000003,35.0,14.7,78.3,3.1,0.4,1.5,True,False,False,21.84
2012,KS,2,27.3,37.3,6.0,83.5,4.0,1.3,1.4,True,False,False,7.31
2012,KS,3,44.0,36.0,11.6,73.1,8.7,0.4,3.9,True,False,False,4.68
2012,KS,4,27.0,35.8,11.4,74.9,6.8,1.1,3.1,True,False,False,13.62
2012,KY,1,15.3,39.8,2.5,87.9,6.6,0.2,0.6,True,False,False,15.29
2012,KY,2,18.3,38.1,2.9,87.9,5.6,0.2,1.3,True,False,False,15.7
2012,KY,3,30.0,37.9,4.6,69.5,21.0,0.1,2.4,False,False,False,-2.97
2012,KY,4,26.0,38.0,3.0,90.9,3.3,0.1,1.0,True,False,False,15.67
2012,KY,5,11.5,40.2,0.8,96.1,1.4,0.1,0.5,True,False,False,18.52
2012,KY,6,29.6,36.5,4.4,83.0,8.6,0.2,1.8,True,False,False,7.58
2012,LA,1,27.8,38.1,7.8,73.3,13.3,1.0,2.4,True,False,False,25.7
2012,LA,2,20.9,35.2,6.2,28.8,61.2,0.3,2.2,False,False,False,-21.34
2012,LA,3,18.7,35.5,3.2,68.5,24.3,0.3,1.4,True,False,False,16.79
2012,LA,4,19.200000000000003,36.3,3.5,59.0,33.8,0.8,0.9,True,False,False,11.91
2012,LA,5,17.0,36.5,2.0,60.6,35.5,0.3,0.6,True,False,False,14.83
2012,LA,6,27.8,34.8,4.3,68.2,23.8,0.2,1.9,True,False,False,20.5
2012,ME,1,34.6,43.3,1.6,93.5,1.2,0.3,1.5,False,False,False,-8.23
2012,ME,2,21.200000000000003,43.7,1.2,94.7,0.8,0.8,0.7,False,False,False,-2.16
2012,MD,1,29.1,42.3,3.4,80.8,11.6,0.2,1.8,True,False,False,14.23
2012,MD,2,28.6,36.3,5.8,54.0,31.9,0.3,5.3,False,False,False,-7.65
2012,MD,3,46.1,37.4,6.9,61.8,21.0,0.2,7.2,False,False,False,-7.52
2012,MD,4,30.6,35.7,15.7,26.7,52.0,0.2,3.1,False,False,False,-23.87
2012,MD,5,33.4,37.8,6.8,49.1,36.5,0.2,3.9,False,False,False,-11.4
2012,MD,6,38.7,38.5,12.5,62.5,11.8,0.2,9.8,False,False,False,-2.92
2012,MD,7,35.599999999999994,37.5,3.8,33.2,54.5,0.2,6.0,False,False,False,-23.24
2012,MD,8,52.3,39.6,14.3,62.6,11.3,0.2,8.8,False,False,False,-10.12
2012,MA,1,28.2,41.3,15.8,74.8,5.7,0.1,1.9,False,False,False,-12.66
2012,MA,2,36.0,38.1,9.0,79.9,4.1,0.2,5.0,False,False,False,-9.19
2012,MA,3,35.3,39.8,16.7,71.5,2.5,0.2,6.8,False,False,False,-6.87
2012,MA,4,48.6,40.3,3.8,85.3,2.5,0.0,6.2,False,False,False,-7.73
2012,MA,5,52.2,38.8,7.8,75.0,4.7,0.1,9.9,False,False,False,-15.08
2012,MA,6,40.0,42.3,8.0,83.5,2.7,0.0,3.9,False,False,False,-5.17
2012,MA,7,38.7,31.3,20.6,43.1,23.8,0.1,9.3,False,False,False,-30.13
2012,MA,8,41.7,39.5,4.9,76.6,8.9,0.1,7.0,False,False,False,-7.75
2012,MA,9,32.099999999999994,44.5,4.7,88.3,2.5,0.2,1.3,False,False,False,-6.31
2012,MI,1,22.3,45.6,1.4,91.6,1.6,2.5,0.7,True,False,False,3.32
2012,MI,2,22.7,37.1,8.9,80.5,5.8,0.6,2.0,True,False,False,6.07
2012,MI,3,28.2,36.2,7.0,79.9,8.6,0.4,1.5,True,False,False,4.01
2012,MI,4,20.1,40.6,3.0,92.0,1.7,0.6,1.0,True,False,False,3.49
2012,MI,5,17.9,40.5,4.4,74.5,17.6,0.4,0.7,False,False,False,-10.27
2012,MI,6,25.1,38.9,5.5,81.7,8.3,0.5,1.5,True,False,False,0.53
2012,MI,7,22.200000000000003,41.3,4.0,88.6,4.0,0.4,0.7,True,False,False,2.39
2012,MI,8,38.2,38.0,4.5,83.3,6.0,0.3,3.5,True,False,False,1.48
2012,MI,9,27.6,41.4,2.6,79.8,10.9,0.3,3.6,False,False,False,-5.22
2012,MI,10,21.4,41.5,2.9,90.6,3.1,0.2,1.4,True,False,False,4.97
2012,MI,11,44.1,40.6,3.2,80.8,5.1,0.2,8.1,True,False,False,3.2
2012,MI,12,31.0,35.8,5.3,75.8,11.1,0.2,4.8,False,False,False,-14.19
2012,MI,13,13.6,36.0,7.1,33.3,56.1,0.3,1.0,False,False,False,-33.56
2012,MI,14,29.4,38.7,4.5,32.0,56.2,0.3,4.3,False,False,False,-27.69
2012,MN,1,26.6,37.7,5.9,87.6,2.6,0.1,2.2,False,False,False,1.26
2012,MN,2,36.8,37.1,5.6,83.6,3.8,0.4,4.4,True,False,False,1.89
2012,MN,3,47.0,39.7,4.3,80.2,6.6,0.3,6.2,True,False,False,1.83
2012,MN,4,41.6,35.7,6.3,69.8,9.2,0.3,11.1,False,False,False,-10.5
2012,MN,5,43.3,33.2,9.2,64.2,15.9,0.9,6.0,False,False,False,-21.51
2012,MN,6,27.1,36.0,2.4,90.8,2.2,0.5,2.1,True,False,False,8.92
2012,MN,7,20.8,41.0,4.0,90.2,0.6,2.8,0.8,False,False,False,5.34
2012,MN,8,21.5,42.6,1.4,92.6,0.9,2.7,0.6,False,False,False,-1.64
2012,MS,1,19.2,36.7,3.2,67.8,27.0,0.2,0.4,True,False,False,15.62
2012,MS,2,17.7,34.9,1.6,32.2,64.9,0.2,0.5,False,False,False,-10.46
2012,MS,3,25.4,37.0,2.2,59.5,35.6,1.0,0.9,True,False,False,14.87
2012,MS,4,20.0,36.1,3.8,69.7,23.5,0.1,1.3,True,False,False,21.15
2012,MO,1,28.4,35.0,3.1,42.2,49.0,0.2,2.7,False,False,False,-27.42
2012,MO,2,46.6,42.2,2.7,87.6,3.7,0.0,4.1,True,False,False,6.68
2012,MO,3,23.2,38.4,2.1,91.7,3.3,0.2,1.0,True,False,False,9.9
2012,MO,4,24.1,36.5,3.3,87.7,3.7,0.6,1.4,True,False,False,10.91
2012,MO,5,25.0,36.8,8.4,65.3,21.9,0.5,1.4,False,False,False,-9.44
2012,MO,6,25.9,38.4,3.7,88.3,4.0,0.4,1.3,True,False,False,9.39
2012,MO,7,22.4,37.5,4.6,89.2,1.7,1.0,1.1,True,False,False,17.41
2012,MO,8,14.6,40.6,1.6,91.4,4.7,0.4,0.5,True,False,False,13.72
2012,MT,0,29.4,40.2,3.1,87.2,0.3,6.2,0.6,True,False,False,5.96
2012,NE,1,29.0,35.2,8.0,84.3,2.3,1.2,2.2,True,False,False,9.79
2012,NE,2,37.8,33.8,10.7,73.8,10.1,0.4,2.8,True,False,False,4.91
2012,NE,3,20.2,40.9,10.2,86.1,0.9,0.6,0.9,True,False,False,22.27
2012,NV,1,14.0,36.3,44.5,35.2,9.3,0.4,7.4,False,False,False,-11.87
2012,NV,2,24.0,38.7,21.4,68.1,1.6,2.0,4.0,True,False,False,3.97
2012,NV,3,30.4,37.3,16.6,58.5,7.1,0.4,12.4,True,False,False,-0.24
2012,NV,4,20.2,35.0,27.3,48.7,13.7,0.8,5.6,False,False,False,-3.21
2012,NH,1,33.4,42.1,2.9,91.9,1.4,0.1,2.2,False,False,False,0.31
2012,NH,2,35.7,41.8,3.2,91.7,0.8,0.2,2.3,False,False,False,-3.04
2012,NJ,1,29.1,38.4,12.3,64.3,16.4,0.1,5.0,False,False,False,-11.75
2012,NJ,2,23.5,41.5,15.3,66.8,12.0,0.3,3.5,True,False,False,-0.31
2012,NJ,3,31.4,42.7,6.7,77.3,10.1,0.1,3.5,True,False,False,1.85
2012,NJ,4,37.4,41.2,10.7,78.5,5.7,0.0,3.6,True,False,False,7.41
2012,NJ,5,45.900000000000006,42.8,12.7,71.6,4.6,0.1,9.6,True,False,False,4.37
2012,NJ,6,37.6,37.0,20.2,50.7,9.0,0.2,18.3,False,False,False,-5.67
2012,NJ,7,49.7,41.8,11.9,73.2,3.9,0.0,9.0,True,False,False,5.78
2012,NJ,8,29.1,33.6,54.7,25.5,8.9,0.2,8.0,False,False,False,-19.92
2012,NJ,9,31.7,36.9,34.8,41.3,9.4,0.2,12.0,False,False,False,-11.07
2012,NJ,10,26.1,36.3,17.2,20.9,52.2,0.1,7.1,False,False,False,-31.37
2012,NJ,11,49.9,43.2,9.1,76.2,3.9,0.1,9.2,True,False,False,5.8
2012,NJ,12,42.3,38.7,15.4,49.3,17.6,0.1,15.1,False,False,False,-12.55
2012,NM,1,31.0,37.2,49.2,40.8,2.4,3.5,2.0,False,False,False,-5.89
2012,NM,2,19.9,35.5,52.2,39.0,1.6,5.3,0.7,True,False,False,5.24
2012,NM,3,27.200000000000003,37.6,39.5,39.2,1.5,17.2,1.2,False,False,False,-7.64
2012,NY,1,33.8,41.1,12.7,77.5,4.6,0.2,3.7,False,False,False,1.15
2012,NY,2,28.5,39.3,22.1,64.3,9.1,0.1,3.2,True,False,False,1.38
2012,NY,3,50.0,43.8,10.3,71.0,3.0,0.1,13.0,False,False,False,-1.43
2012,NY,4,38.2,40.9,18.8,59.3,13.9,0.2,6.2,False,False,False,-2.84
2012,NY,5,23.3,36.3,19.2,11.1,48.3,0.3,12.8,False,False,False,-32.72
2012,NY,6,35.8,40.3,20.1,36.6,3.4,0.1,37.1,False,False,False,-11.33
2012,NY,7,28.1,32.4,43.7,27.1,8.2,0.1,18.8,False,False,False,-31.27
2012,NY,8,27.8,35.7,17.5,22.8,53.8,0.1,4.3,False,False,False,-32.83
2012,NY,9,33.0,35.5,10.8,30.3,50.6,0.2,5.9,False,False,False,-31.12
2012,NY,10,58.0,36.2,12.4,65.5,3.2,0.2,16.7,False,False,False,-23.41
2012,NY,11,31.700000000000003,38.5,15.6,62.7,6.9,0.1,13.2,True,False,False,4.69
2012,NY,12,70.2,36.0,12.1,69.0,4.3,0.0,12.1,False,False,False,-27.57
2012,NY,13,27.8,34.4,54.6,12.5,25.8,0.1,5.0,False,False,False,-40.42
2012,NY,14,24.0,35.5,48.1,24.4,8.9,0.2,16.4,False,False,False,-23.03
2012,NY,15,11.8,30.0,66.4,2.6,27.8,0.2,1.9,False,False,False,-40.97
2012,NY,16,38.2,39.4,23.6,38.1,31.6,0.2,4.8,False,False,False,-19.59
2012,NY,17,43.6,38.8,20.7,61.6,10.0,0.1,5.5,False,False,False,-5.03
2012,NY,18,34.2,39.4,15.3,71.0,8.1,0.2,3.2,False,False,False,1.44
2012,NY,19,26.9,43.6,6.7,85.3,4.2,0.1,1.4,True,False,False,-0.17
2012,NY,20,35.0,38.9,5.8,78.4,8.5,0.1,3.9,False,False,False,-6.14
2012,NY,21,22.5,39.8,2.9,90.7,2.9,0.8,0.9,False,False,False,1.35
2012,NY,22,23.700000000000003,40.8,3.3,88.7,3.3,0.2,2.4,True,False,False,3.41
2012,NY,23,24.3,39.8,3.5,89.4,2.6,0.5,2.3,True,False,False,3.35
2012,NY,24,28.0,40.1,3.9,83.2,7.9,0.6,2.2,False,False,False,-3.51
2012,NY,25,34.9,38.2,7.9,71.3,15.0,0.2,3.5,False,False,False,-5.21
2012,NY,26,29.1,38.7,5.7,70.8,17.7,0.3,3.5,False,False,False,-11.63
2012,NY,27,28.6,43.3,2.5,92.2,2.4,0.7,0.8,False,False,False,7.87
2012,NC,1,18.7,36.9,7.7,35.1,53.0,0.6,1.3,False,False,False,-16.97
2012,NC,2,27.700000000000003,35.9,11.7,65.2,15.8,1.0,3.3,True,False,False,10.37
2012,NC,3,22.1,35.1,7.1,71.2,18.0,0.3,1.2,True,False,False,10.41
2012,NC,4,40.8,32.0,10.6,48.3,32.3,0.4,5.4,False,False,False,-18.17
2012,NC,5,25.9,40.4,8.7,76.0,12.2,0.2,1.5,True,False,False,11.57
2012,NC,6,27.1,41.6,6.1,74.5,15.5,0.4,2.1,True,False,False,10.3
2012,NC,7,23.5,40.7,9.3,69.1,17.2,1.7,0.7,False,False,False,11.35
2012,NC,8,16.299999999999997,38.4,8.8,63.1,18.4,6.9,1.1,True,False,False,11.6
2012,NC,9,46.8,37.5,8.0,73.2,12.6,0.3,3.5,True,False,False,8.96
2012,NC,10,22.7,41.1,5.9,78.9,11.6,0.2,1.4,True,False,False,10.98
2012,NC,11,21.5,44.0,5.4,87.0,3.4,1.5,1.1,True,False,False,12.32
2012,NC,12,24.0,31.4,14.5,28.4,49.2,0.3,5.1,False,False,False,-24.1
2012,NC,13,38.2,39.0,8.4,70.3,16.7,0.2,2.1,True,False,False,8.9
2012,ND,0,28.0,36.2,2.4,88.1,1.4,5.2,1.0,True,False,False,9.24
2012,OH,1,31.3,36.4,3.0,70.3,21.4,0.2,2.9,True,False,False,5.93
2012,OH,2,28.2,39.8,1.5,86.5,8.7,0.1,1.1,True,False,False,8.65
2012,OH,3,25.9,32.5,6.8,54.0,32.2,0.2,2.9,False,False,False,-14.26
2012,OH,4,15.8,40.4,3.3,88.8,5.1,0.2,0.7,True,False,False,9.15
2012,OH,5,23.7,39.4,4.3,90.0,2.9,0.1,1.3,True,False,False,7.31
2012,OH,6,15.4,42.7,0.8,94.9,2.3,0.2,0.3,True,False,False,6.69
2012,OH,7,18.0,40.9,1.8,91.7,3.8,0.1,0.5,True,False,False,5.33
2012,OH,8,22.3,39.0,3.0,87.3,5.8,0.2,1.5,True,False,False,14.32
2012,OH,9,20.9,38.1,10.3,69.4,15.9,0.2,1.3,False,False,False,-14.45
2012,OH,10,26.9,39.1,2.4,75.7,17.0,0.1,2.1,True,False,False,2.98
2012,OH,11,25.8,38.1,3.8,38.4,53.5,0.2,1.9,False,False,False,-29.4
2012,OH,12,38.1,38.5,1.9,87.7,4.1,0.1,3.5,True,False,False,8.3
2012,OH,13,19.6,40.6,3.0,82.2,11.0,0.1,1.2,False,False,False,-10.95
2012,OH,14,32.0,43.3,2.4,89.4,4.3,0.1,2.3,True,False,False,3.25
2012,OH,15,28.5,37.2,1.6,90.2,3.6,0.1,2.2,True,False,False,6.54
2012,OH,16,31.2,42.9,1.9,92.4,2.4,0.2,1.8,True,False,False,5.15
2012,OK,1,28.6,36.2,10.3,66.3,8.4,5.4,2.3,True,False,False,16.93
2012,OK,2,16.8,39.4,4.5,65.3,3.5,15.8,0.5,True,False,False,16.6
2012,OK,3,21.0,36.9,8.7,75.6,3.4,5.5,1.3,True,False,False,25.1
2012,OK,4,23.200000000000003,35.1,8.0,72.4,6.7,4.8,2.2,True,False,False,18.79
2012,OK,5,29.1,34.6,15.1,59.2,13.1,3.9,3.0,True,False,False,12.93
2012,OR,1,37.5,36.9,14.1,72.7,1.4,0.5,6.8,False,False,False,-6.96
2012,OR,2,22.6,41.6,12.8,81.2,0.5,1.5,0.8,True,False,False,9.45
2012,OR,3,36.6,36.8,10.7,72.8,5.1,0.7,6.2,False,False,False,-21.03
2012,OR,4,24.4,40.9,7.2,85.1,0.7,1.3,2.3,False,False,False,-2.12
2012,OR,5,28.200000000000003,39.3,15.9,76.5,0.7,0.8,2.6,False,False,False,-0.56
2012,PA,1,23.7,33.6,15.7,41.4,33.6,0.2,7.0,False,False,False,-24.93
2012,PA,2,33.099999999999994,33.4,5.9,28.6,57.7,0.2,4.6,False,False,False,-38.03
2012,PA,3,22.9,41.9,1.9,91.0,4.5,0.1,0.8,True,False,False,5.88
2012,PA,4,24.4,40.5,6.7,82.5,7.2,0.1,1.7,True,False,False,8.73
2012,PA,5,22.200000000000003,40.3,1.8,92.9,2.1,0.2,1.5,True,False,False,6.13
2012,PA,6,40.9,40.6,5.5,84.9,3.9,0.0,4.0,True,False,False,0.56
2012,PA,7,40.900000000000006,41.6,2.8,86.0,5.5,0.1,4.1,True,False,False,0.27
2012,PA,8,36.3,42.4,4.3,85.9,3.6,0.0,4.5,True,False,False,-0.5
2012,PA,9,17.0,41.8,1.9,93.1,3.0,0.1,0.5,True,False,False,11.21
2012,PA,10,19.7,42.6,3.8,91.2,2.6,0.1,0.9,True,False,False,11.22
2012,PA,11,22.3,42.8,4.7,87.1,4.9,0.2,1.8,True,False,False,6.14
2012,PA,12,30.0,44.5,1.4,92.5,3.1,0.1,1.3,True,False,False,7.08
2012,PA,13,31.9,38.2,11.3,60.5,17.7,0.1,8.0,False,False,False,-12.04
2012,PA,14,30.3,38.8,1.9,71.3,21.1,0.1,2.9,False,False,False,-15.07
2012,PA,15,27.1,40.3,14.0,77.5,4.2,0.1,2.6,True,False,False,1.33
2012,PA,16,24.200000000000003,37.4,17.3,73.4,5.7,0.0,1.8,True,False,False,4.72
2012,PA,17,19.4,42.2,7.7,83.4,5.6,0.1,1.6,False,False,False,-4.02
2012,PA,18,33.4,44.6,1.3,93.0,2.3,0.1,1.8,True,False,False,7.8
2012,RI,1,31.2,38.2,15.3,71.1,6.6,0.2,2.8,False,False,False,-14.22
2012,RI,2,31.6,41.1,11.0,79.8,3.3,0.5,3.5,False,False,False,-7.73
2012,SC,1,36.1,37.7,6.7,69.2,19.6,0.4,1.6,True,False,False,10.61
2012,SC,2,32.2,38.2,5.2,68.0,22.6,0.2,1.7,True,False,False,16.05
2012,SC,3,19.4,40.0,4.6,74.5,18.5,0.2,0.8,True,False,False,17.19
2012,SC,4,28.7,37.8,7.6,69.2,19.0,0.2,2.2,True,False,False,15.22
2012,SC,5,19.9,38.6,3.9,66.1,26.5,0.3,0.8,True,False,False,9.3
2012,SC,6,19.4,34.9,4.7,36.3,56.4,0.2,0.8,False,False,False,-18.86
2012,SC,7,19.1,40.7,4.1,63.5,29.7,0.5,0.8,True,False,False,7.19
2012,SD,0,26.200000000000003,36.7,3.0,83.8,1.5,8.5,1.1,True,False,False,8.41
2012,TN,1,17.9,42.2,3.4,92.0,2.1,0.3,0.7,True,False,False,22.8
2012,TN,2,28.4,39.7,3.6,86.6,6.6,0.2,1.3,True,False,False,17.29
2012,TN,3,21.0,40.8,3.4,82.6,11.1,0.2,1.2,True,False,False,14.16
2012,TN,4,20.1,37.4,5.5,82.4,8.0,0.2,1.2,True,False,False,15.28
2012,TN,5,34.5,34.3,9.1,60.6,25.1,0.2,3.0,False,False,False,-4.65
2012,TN,6,20.200000000000003,40.6,3.7,89.6,4.5,0.2,0.6,True,False,False,17.12
2012,TN,7,26.3,37.0,4.5,81.6,9.9,0.3,1.6,True,False,False,15.13
2012,TN,8,27.7,39.6,2.9,74.9,18.7,0.2,2.0,True,False,False,16.97
2012,TN,9,22.4,32.7,6.8,24.7,65.1,0.1,1.6,False,False,False,-23.06
2012,TX,1,18.5,36.5,16.2,63.7,17.9,0.3,1.0,True,False,False,21.91
2012,TX,2,38.5,34.0,31.7,48.8,10.5,0.1,7.0,True,False,False,16.13
2012,TX,3,50.900000000000006,35.6,14.9,60.7,9.0,0.3,12.6,True,False,False,16.88
2012,TX,4,19.4,38.9,12.5,73.3,10.5,0.6,1.1,True,False,False,22.53
2012,TX,5,17.4,34.5,27.1,54.7,14.5,0.2,2.0,True,False,False,15.61
2012,TX,6,29.7,34.3,20.3,54.0,18.9,0.3,4.5,True,False,False,11.95
2012,TX,7,47.1,35.0,30.9,45.5,11.6,0.2,9.8,True,False,False,13.33
2012,TX,8,27.7,36.4,21.0,66.6,8.3,0.2,2.2,True,False,False,26.52
2012,TX,9,23.8,31.8,40.2,10.8,36.6,0.1,10.6,False,False,False,-22.04
2012,TX,10,35.4,35.7,26.1,58.3,9.7,0.2,4.0,True,False,False,10.6
2012,TX,11,18.700000000000003,36.4,35.1,59.2,3.8,0.2,0.7,True,False,False,29.49
2012,TX,12,27.9,35.0,22.2,63.4,8.8,0.5,3.5,True,False,False,17.64
2012,TX,13,18.9,35.5,25.4,65.5,4.8,0.5,1.7,True,False,False,30.2
2012,TX,14,22.5,37.2,22.1,52.9,20.1,0.2,3.0,True,False,False,9.78
2012,TX,15,18.3,30.0,80.6,15.9,1.7,0.1,1.2,False,False,False,-2.51
2012,TX,16,22.6,31.7,79.0,15.0,3.4,0.2,1.1,False,False,False,-10.19
2012,TX,17,29.8,31.8,24.9,56.7,12.5,0.2,4.2,True,False,False,12.23
2012,TX,18,18.9,31.3,39.1,17.1,39.4,0.1,3.3,False,False,False,-22.84
2012,TX,19,21.1,33.0,34.8,56.2,5.9,0.3,1.3,True,False,False,25.55
2012,TX,20,21.7,32.3,69.9,22.2,4.1,0.2,2.6,False,False,False,-4.27
2012,TX,21,44.6,37.1,27.2,64.3,2.7,0.2,3.2,True,False,False,11.09
2012,TX,22,41.1,34.7,25.3,43.2,12.1,0.2,16.8,True,False,False,14.91
2012,TX,23,21.5,33.0,68.9,25.7,2.8,0.3,1.0,False,False,False,4.34
2012,TX,24,42.3,35.0,22.9,52.0,11.0,0.3,11.4,True,False,False,13.52
2012,TX,25,33.1,35.2,19.3,67.9,7.6,0.3,2.5,True,False,False,10.48
2012,TX,26,38.9,34.1,17.3,67.4,6.4,0.3,5.3,True,False,False,19.09
2012,TX,27,17.3,37.1,50.5,41.6,5.1,0.2,1.1,True,False,False,12.86
2012,TX,28,17.7,30.0,76.0,17.6,4.3,0.2,0.9,False,False,False,-3.46
2012,TX,29,8.7,29.4,76.2,11.2,9.8,0.2,1.7,False,False,False,-8.61
2012,TX,30,19.0,32.3,36.1,16.1,44.6,0.1,1.7,False,False,False,-24.2
2012,TX,31,32.0,33.7,23.3,58.9,10.7,0.2,4.1,True,False,False,11.55
2012,TX,32,41.8,35.4,28.6,49.7,11.7,0.2,7.4,True,False,False,9.79
2012,TX,33,9.3,30.5,65.7,16.8,14.8,0.2,1.8,False,False,False,-14.74
2012,TX,34,14.5,32.0,83.5,14.3,1.3,0.0,0.6,False,False,False,-5.14
2012,TX,35,18.3,30.4,62.3,24.9,9.2,0.1,1.7,False,False,False,-9.75
2012,TX,36,18.2,37.1,22.0,63.5,9.7,0.3,2.7,True,False,False,22.03
2012,UT,1,27.8,29.8,12.1,82.3,0.8,0.8,1.8,True,False,False,23.98
2012,UT,2,30.6,31.6,14.1,78.2,1.4,0.8,2.5,True,False,False,15.14
2012,UT,3,37.5,28.0,10.2,83.5,0.4,1.4,1.8,True,False,False,24.23
2012,UT,4,27.5,29.9,16.7,75.2,1.3,0.6,2.5,False,False,False,12.81
2012,VT,0,35.8,42.4,1.6,94.0,1.0,0.3,1.3,False,False,False,-14.29
2012,VA,1,34.9,37.7,9.0,67.6,17.0,0.3,3.2,True,False,False,7.24
2012,VA,2,30.1,35.0,7.2,62.2,21.1,0.3,5.4,True,False,False,3.91
2012,VA,3,22.5,32.9,5.7,33.1,56.5,0.3,1.5,False,False,False,-24.17
2012,VA,4,24.6,38.5,5.1,58.1,31.9,0.3,2.2,True,False,False,5.21
2012,VA,5,24.6,41.7,3.4,72.3,20.2,0.1,1.3,True,False,False,5.4
2012,VA,6,26.5,39.2,4.5,81.4,10.3,0.1,1.5,True,False,False,11.6
2012,VA,7,39.5,39.5,5.2,74.5,13.4,0.3,4.0,True,False,False,10.39
2012,VA,8,60.0,35.4,19.0,53.3,12.7,0.1,11.6,False,False,False,-15.26
2012,VA,9,17.5,41.5,2.0,90.1,5.4,0.1,1.3,True,False,False,11.89
2012,VA,10,53.2,37.5,12.2,65.3,6.8,0.2,12.4,True,False,False,3.25
2012,VA,11,52.400000000000006,35.6,17.9,47.6,12.9,0.1,17.4,False,False,False,-8.19
2012,WA,1,38.4,38.2,8.0,76.6,1.2,0.9,9.2,False,False,False,-3.33
2012,WA,2,29.1,37.9,10.4,73.4,2.3,1.2,7.8,False,False,False,-7.79
2012,WA,3,23.2,39.5,8.4,82.3,1.6,0.8,3.2,True,False,False,1.85
2012,WA,4,18.7,33.0,37.0,56.1,0.9,2.3,1.6,True,False,False,13.75
2012,WA,5,27.1,37.5,5.9,85.0,1.5,1.8,2.3,True,False,False,6.32
2012,WA,6,26.8,41.3,7.0,77.5,3.3,2.2,3.9,False,False,False,-4.73
2012,WA,7,55.4,38.0,7.6,72.0,4.4,0.6,10.0,False,False,False,-28.07
2012,WA,8,31.0,37.6,10.8,74.5,2.2,0.7,7.0,True,False,False,1.49
2012,WA,9,37.9,36.8,11.1,48.1,11.2,0.7,21.7,False,False,False,-15.63
2012,WA,10,24.700000000000003,35.6,10.5,69.3,6.0,1.2,6.3,False,False,False,-4.47
2012,WV,1,19.7,40.5,1.0,94.2,2.4,0.2,0.8,True,False,False,10.28
2012,WV,2,20.9,41.9,2.0,91.0,3.5,0.1,0.7,True,False,False,8.46
2012,WV,3,15.2,42.0,0.8,93.3,3.9,0.1,0.5,False,False,False,8.5
2012,WI,1,26.1,39.6,9.3,81.9,5.1,0.4,1.5,True,False,False,2.55
2012,WI,2,37.7,36.4,6.0,83.6,4.2,0.4,3.8,False,False,False,-16.68
2012,WI,3,23.1,38.2,2.1,93.0,1.1,0.5,2.0,False,False,False,-6.07
2012,WI,4,25.9,31.8,16.0,43.3,34.0,0.6,3.4,False,False,False,-21.12
2012,WI,5,34.6,41.0,5.5,88.9,1.6,0.3,2.3,True,False,False,11.64
2012,WI,6,25.3,41.4,4.1,90.6,1.4,0.4,2.1,True,False,False,4.2
2012,WI,7,20.7,43.0,1.9,92.6,0.7,2.0,1.6,True,False,False,-0.14
2012,WI,8,23.5,39.9,4.6,88.3,1.2,2.3,2.2,True,False,False,0.6
2012,WY,0,24.7,36.9,9.4,84.6,0.9,1.8,1.0,True,False,False,19.96
2014,AL,1,22.9,38.5,3.0,65.4,27.9,0.7,1.4,True,False,True,14.46
2014,AL,2,20.4,37.9,3.2,62.6,31.1,0.3,1.0,True,False,True,16.06
2014,AL,3,21.1,37.4,2.7,68.3,25.5,0.2,1.5,True,False,True,15.34
2014,AL,4,15.9,40.3,6.2,83.8,7.3,0.7,0.6,True,False,True,27.71
2014,AL,5,29.6,38.7,4.9,73.4,17.2,0.6,1.7,True,False,True,16.73
2014,AL,6,34.7,38.7,5.0,76.7,14.9,0.3,1.6,True,False,True,27.43
2014,AL,7,19.0,35.7,2.4,32.6,62.9,0.1,0.6,False,False,True,-20.25
2014,AK,0,28.0,33.1,6.6,62.5,3.3,13.9,5.6,True,False,True,10.65
2014,AZ,1,22.8,36.5,21.4,50.4,2.0,22.5,1.3,False,False,True,3.76
2014,AZ,2,32.6,40.2,26.5,62.5,4.0,0.9,3.0,True,False,True,3.11
2014,AZ,3,15.2,31.7,61.3,28.1,4.3,3.1,1.6,False,False,True,-9.15
2014,AZ,4,17.3,46.1,19.1,74.4,1.9,1.5,0.9,True,False,True,19.99
2014,AZ,5,35.099999999999994,37.3,16.9,71.9,2.9,0.8,5.3,True,False,True,16.86
2014,AZ,6,41.6,41.2,15.8,73.6,2.8,1.3,3.9,True,False,True,12.38
2014,AZ,7,13.2,28.4,64.6,20.1,9.4,2.3,1.8,False,False,True,-18.73
2014,AZ,8,28.4,42.0,18.4,71.4,3.4,0.9,3.1,True,False,True,14.64
2014,AZ,9,36.0,32.9,28.4,56.6,4.9,2.2,4.6,False,False,True,0.17
2014,AR,1,15.1,39.3,3.2,76.5,18.0,0.4,0.4,True,False,True,14.3
2014,AR,2,27.0,36.4,5.0,69.3,21.6,0.2,1.4,True,False,True,8.15
2014,AR,3,25.1,34.9,13.6,76.2,3.3,1.1,2.8,True,False,True,19.32
2014,AR,4,15.1,40.7,5.4,72.4,19.8,0.5,0.6,True,False,True,15.26
2014,CA,1,22.6,42.4,12.9,78.1,1.4,1.3,2.6,True,False,True,10.19
2014,CA,2,38.7,43.1,17.8,71.2,1.3,1.8,3.6,False,False,True,-19.94
2014,CA,3,23.8,34.4,28.8,48.9,6.3,0.9,10.2,False,False,True,-3.53
2014,CA,4,31.8,43.8,12.3,77.4,1.1,0.8,4.5,True,False,True,10.91
2014,CA,5,29.5,40.2,27.0,52.3,5.7,0.6,10.3,False,False,True,-19.54
2014,CA,6,25.4,33.5,27.1,38.4,11.9,0.4,15.7,False,False,True,-18.26
2014,CA,7,31.6,37.8,17.2,55.1,7.3,0.5,14.3,False,False,True,0.19
2014,CA,8,14.4,33.7,39.9,46.8,7.6,0.9,2.4,True,False,True,9.46
2014,CA,9,19.0,34.5,37.4,35.9,8.1,0.3,14.3,False,False,True,-6.36
2014,CA,10,16.5,33.4,41.8,44.4,3.0,0.3,6.6,True,False,True,0.68
2014,CA,11,41.1,39.3,26.4,47.0,8.8,0.3,12.4,False,False,True,-17.27
2014,CA,12,54.1,38.4,15.5,42.9,5.5,0.1,31.5,False,False,True,-34.6
2014,CA,13,44.7,36.7,21.4,33.8,18.1,0.4,20.7,False,False,True,-38.07
2014,CA,14,43.7,39.7,24.1,35.7,3.1,0.2,31.8,False,False,True,-23.48
2014,CA,15,40.4,37.9,23.8,35.3,5.6,0.3,29.7,False,False,True,-16.96
2014,CA,16,12.4,29.6,59.5,23.5,5.9,0.4,9.1,False,False,True,-7.18
2014,CA,17,54.2,36.5,15.6,26.3,2.6,0.2,51.5,False,False,True,-20.76
2014,CA,18,60.0,40.3,17.0,56.7,1.5,0.1,20.0,False,False,True,-18.28
2014,CA,19,31.0,35.3,41.7,25.3,3.3,0.1,26.7,False,False,True,-19.79
2014,CA,20,25.9,33.6,52.0,37.7,1.8,0.3,5.3,False,False,True,-20.78
2014,CA,21,8.3,28.5,72.5,18.2,4.1,0.4,3.3,True,False,True,-2.6
2014,CA,22,23.5,32.8,45.8,40.9,2.9,0.4,7.9,True,False,True,9.78
2014,CA,23,18.2,33.9,38.2,48.3,5.6,0.8,4.7,True,False,True,15.31
2014,CA,24,32.0,35.9,35.2,55.8,1.8,0.4,4.4,False,False,True,-3.83
2014,CA,25,27.2,35.7,36.6,44.4,7.6,0.4,7.4,True,False,True,3.04
2014,CA,26,31.6,36.2,44.7,43.9,1.6,0.4,6.9,False,False,True,-3.47
2014,CA,27,41.5,41.0,27.2,27.4,4.6,0.2,38.4,False,False,True,-11.46
2014,CA,28,44.6,39.2,25.2,55.8,2.7,0.2,12.9,False,False,True,-20.2
2014,CA,29,18.200000000000003,33.0,68.7,17.8,3.8,0.1,8.0,False,False,True,-26.07
2014,CA,30,39.900000000000006,38.9,30.6,49.6,3.8,0.1,12.2,False,False,True,-14.7
2014,CA,31,24.0,31.8,51.6,28.5,10.4,0.2,7.1,False,False,True,-5.93
2014,CA,32,19.8,35.1,61.7,16.5,3.0,0.4,16.8,False,False,True,-13.59
2014,CA,33,61.6,40.8,12.9,66.3,2.7,0.2,13.9,False,False,True,-10.55
2014,CA,34,22.4,33.7,65.9,9.8,4.2,0.1,18.3,False,False,True,-31.98
2014,CA,35,14.9,31.1,67.5,15.5,7.0,0.1,7.0,False,False,True,-15.86
2014,CA,36,20.5,38.6,47.6,43.1,3.9,0.5,2.5,False,False,True,0.8
2014,CA,37,36.900000000000006,34.6,38.8,26.3,22.1,0.1,9.3,False,False,True,-34.51
2014,CA,38,21.6,36.0,60.6,17.6,4.1,0.3,14.9,False,False,True,-13.05
2014,CA,39,39.2,37.7,33.3,32.6,2.1,0.2,29.1,True,False,True,4.17
2014,CA,40,8.399999999999999,29.3,87.7,4.9,4.5,0.1,2.1,False,False,True,-29.97
2014,CA,41,17.0,30.4,59.3,24.6,8.6,0.3,4.8,False,False,True,-9.92
2014,CA,42,24.3,34.6,36.6,44.3,5.3,0.4,9.7,True,False,True,9.62
2014,CA,43,23.9,34.2,47.0,14.4,22.1,0.1,12.9,False,False,True,-26.68
2014,CA,44,11.9,31.5,69.4,6.2,16.4,0.1,5.8,False,False,True,-33.18
2014,CA,45,50.9,39.9,18.8,53.4,1.7,0.3,22.1,True,False,True,7.46
2014,CA,46,16.7,31.4,66.2,18.8,1.5,0.1,12.1,False,False,True,-9.79
2014,CA,47,28.7,35.8,35.4,32.3,7.4,0.3,20.9,False,False,True,-8.73
2014,CA,48,43.7,40.3,21.0,55.8,1.0,0.2,18.8,True,False,True,7.52
2014,CA,49,40.4,37.9,24.5,62.2,3.6,0.3,5.8,True,False,True,4.78
2014,CA,50,24.3,36.9,30.6,57.4,2.4,0.8,5.2,True,False,True,13.58
2014,CA,51,13.4,30.4,69.9,13.1,6.7,0.5,7.7,False,False,True,-17.36
2014,CA,52,55.1,35.6,13.4,59.3,2.8,0.2,20.2,False,False,True,-1.61
2014,CA,53,34.6,35.0,33.0,41.8,6.9,0.2,13.1,False,False,True,-10.35
2014,CO,1,43.9,34.8,28.3,57.0,8.1,0.4,3.2,False,False,True,-18.49
2014,CO,2,51.400000000000006,36.9,10.4,83.1,0.8,0.3,2.8,False,False,True,-7.75
2014,CO,3,29.8,40.0,24.1,71.2,0.9,1.2,0.7,True,False,True,4.9
2014,CO,4,33.2,37.3,21.9,72.8,1.1,0.4,1.7,True,False,True,11.62
2014,CO,5,33.8,35.4,15.0,72.6,5.2,0.4,2.5,True,False,True,12.83
2014,CO,6,40.2,35.6,20.4,61.7,8.4,0.3,5.7,True,False,True,-0.66
2014,CO,7,31.4,35.9,27.1,66.1,1.3,0.3,2.9,False,False,True,-5.45
2014,CT,1,35.8,40.6,15.4,63.8,14.2,0.1,4.4,False,False,True,-12.28
2014,CT,2,33.0,41.0,7.7,82.7,3.4,0.1,3.1,False,False,True,-5.04
2014,CT,3,35.0,39.6,13.7,66.7,13.2,0.3,4.0,False,False,True,-10.94
2014,CT,4,48.2,39.2,18.1,63.2,11.3,0.1,4.8,False,False,True,-4.28
2014,CT,5,34.1,41.6,18.2,70.4,5.9,0.0,3.9,False,False,True,-2.5
2014,DE,0,29.8,39.1,8.7,64.0,20.8,0.3,3.6,False,False,True,-7.85
2014,FL,1,25.3,38.3,6.1,73.8,13.3,0.5,2.5,True,False,True,21.4
2014,FL,2,26.200000000000003,36.6,5.5,65.2,24.7,0.5,2.1,False,False,True,5.27
2014,FL,3,23.7,37.9,8.1,72.9,13.2,0.2,3.0,True,False,True,13.98
2014,FL,4,30.5,38.3,8.2,72.0,12.4,0.2,4.6,True,False,True,19.13
2014,FL,5,16.9,34.1,12.5,30.0,51.6,0.3,2.7,False,False,True,-21.33
2014,FL,6,27.1,46.4,7.2,80.0,8.2,0.2,2.2,True,False,True,9.6
2014,FL,7,35.0,37.8,21.2,64.1,9.0,0.1,3.4,True,False,True,4.44
2014,FL,8,26.4,47.7,9.6,76.3,9.8,0.3,2.0,True,False,True,9.33
2014,FL,9,23.7,35.0,46.1,37.4,9.6,0.1,4.4,False,False,True,-9.17
2014,FL,10,30.3,40.7,17.3,64.5,11.8,0.2,3.5,True,False,True,6.06
2014,FL,11,19.9,52.3,9.7,79.0,8.8,0.3,1.1,True,False,True,11.05
2014,FL,12,28.4,44.5,13.0,78.4,4.1,0.3,2.4,True,False,True,6.6
2014,FL,13,27.8,48.0,9.0,78.8,5.8,0.2,3.5,True,False,True,1.36
2014,FL,14,27.6,35.6,28.2,41.6,24.5,0.2,3.0,False,False,True,-13.32
2014,FL,15,27.0,37.9,18.6,62.4,13.2,0.3,3.6,True,False,True,5.96
2014,FL,16,30.8,50.5,11.6,78.5,6.7,0.2,1.7,True,False,True,6.27
2014,FL,17,18.2,46.7,18.3,69.4,9.2,0.2,1.4,True,False,True,10.0
2014,FL,18,29.0,46.5,14.5,69.2,12.8,0.1,1.9,False,False,True,3.59
2014,FL,19,30.700000000000003,49.1,17.7,72.2,7.4,0.2,1.2,True,False,True,12.46
2014,FL,20,18.7,36.8,20.3,24.2,52.1,0.1,1.6,False,False,True,-30.17
2014,FL,21,33.4,43.1,22.8,58.5,12.5,0.1,3.8,False,False,True,-9.28
2014,FL,22,35.7,45.2,21.9,62.1,11.6,0.2,2.6,False,False,True,-2.95
2014,FL,23,37.5,41.4,37.3,46.9,9.8,0.2,3.3,False,False,True,-9.27
2014,FL,24,21.1,35.6,33.2,11.5,52.0,0.1,2.1,False,False,True,-34.94
2014,FL,25,23.700000000000003,39.5,72.1,18.5,7.0,0.1,1.8,True,False,True,3.89
2014,FL,26,28.0,40.3,67.1,20.0,9.5,0.1,2.2,True,False,True,-0.32
2014,FL,27,29.1,39.9,75.4,16.5,5.9,0.1,1.3,True,False,True,0.13
2014,GA,1,25.3,34.7,6.3,59.8,29.7,0.3,1.5,True,False,True,8.62
2014,GA,2,16.7,35.3,5.1,40.8,51.1,0.1,1.2,False,False,True,-6.33
2014,GA,3,24.4,37.2,5.4,66.4,23.7,0.2,1.9,True,False,True,18.73
2014,GA,4,29.3,35.7,8.7,25.3,58.0,0.2,5.3,False,False,True,-21.53
2014,GA,5,40.9,33.2,7.7,28.9,57.3,0.2,3.9,False,False,True,-31.87
2014,GA,6,57.0,37.8,12.4,60.7,14.2,0.3,9.7,True,False,True,13.85
2014,GA,7,37.1,35.1,19.2,48.3,17.8,0.2,12.2,True,False,True,13.33
2014,GA,8,18.1,36.2,6.1,60.7,29.8,0.1,1.5,True,False,True,14.5
2014,GA,9,20.4,39.9,12.3,78.0,7.1,0.2,1.2,True,False,True,30.75
2014,GA,10,23.2,36.7,4.9,65.9,24.8,0.2,2.4,True,False,True,14.56
2014,GA,11,37.4,35.5,12.2,67.5,14.7,0.1,3.0,True,False,True,19.69
2014,GA,12,20.8,35.1,5.7,55.5,35.2,0.2,1.6,True,False,True,8.29
2014,GA,13,25.3,35.2,9.9,29.7,55.4,0.1,2.7,False,False,True,-17.03
2014,GA,14,16.700000000000003,37.3,10.7,77.9,8.7,0.1,0.8,True,False,True,26.1
2014,HI,1,34.8,39.0,8.4,16.4,2.5,0.1,49.2,False,False,True,-18.38
2014,HI,2,27.3,37.0,11.3,29.6,1.5,0.2,24.7,False,False,True,-20.87
2014,ID,1,24.7,37.6,10.2,84.8,0.4,1.1,1.3,True,False,True,18.54
2014,ID,2,27.9,34.0,13.4,81.5,0.6,0.9,1.7,True,False,True,17.38
2014,IL,1,25.8,38.9,9.4,35.5,51.0,0.2,2.3,False,False,True,-27.55
2014,IL,2,21.8,38.2,12.3,30.4,55.0,0.1,0.7,False,False,True,-29.03
2014,IL,3,25.3,36.7,31.2,59.1,5.2,0.0,3.5,False,False,True,-5.0
2014,IL,4,19.8,31.3,70.5,20.8,4.1,0.2,3.3,False,False,True,-29.93
2014,IL,5,50.8,34.8,19.8,68.1,2.6,0.0,7.5,False,False,True,-15.92
2014,IL,6,50.2,40.1,10.0,77.5,2.1,0.0,8.9,True,False,True,5.08
2014,IL,7,38.8,33.7,12.6,28.4,50.8,0.0,6.2,False,False,True,-36.2
2014,IL,8,32.3,36.0,28.0,54.1,4.7,0.1,11.4,False,False,True,-7.04
2014,IL,9,52.0,39.9,11.8,63.9,8.6,0.2,12.8,False,False,True,-14.55
2014,IL,10,42.9,37.3,22.7,58.8,6.5,0.2,9.7,True,False,True,-7.25
2014,IL,11,35.4,34.9,26.9,52.7,10.6,0.1,7.3,False,False,True,-7.4
2014,IL,12,22.0,38.7,3.0,77.0,16.6,0.2,1.1,True,False,True,0.42
2014,IL,13,29.7,34.8,3.1,79.6,10.8,0.2,3.3,True,False,True,1.03
2014,IL,14,37.7,38.5,10.9,80.1,2.8,0.1,4.3,True,False,True,6.0
2014,IL,15,17.9,41.1,2.7,91.6,3.7,0.1,0.5,True,False,True,15.45
2014,IL,16,21.6,40.2,9.0,84.6,3.7,0.1,1.2,True,False,True,5.01
2014,IL,17,18.3,39.3,8.7,76.7,11.0,0.1,1.5,False,False,True,-6.71
2014,IL,18,31.3,40.4,2.9,89.2,3.7,0.1,2.6,True,False,True,12.62
2014,IN,1,20.5,38.4,14.6,63.3,19.1,0.2,1.2,False,False,True,-10.13
2014,IN,2,20.2,37.5,9.0,80.8,6.2,0.4,1.1,True,False,True,7.69
2014,IN,3,21.1,36.9,5.8,84.4,6.0,0.1,1.6,True,False,True,14.28
2014,IN,4,23.7,36.5,5.8,86.6,3.3,0.2,2.5,True,False,True,12.82
2014,IN,5,42.3,37.6,3.9,82.6,7.7,0.1,3.4,True,False,True,9.57
2014,IN,6,19.9,40.2,2.3,92.2,2.6,0.1,1.1,True,False,True,12.72
2014,IN,7,21.0,33.2,10.8,54.7,29.4,0.2,2.0,False,False,True,-12.34
2014,IN,8,20.3,39.7,2.3,90.9,4.0,0.2,0.9,True,False,True,9.89
2014,IN,9,24.5,37.1,3.3,90.1,2.8,0.1,2.0,True,False,True,9.52
2014,IA,1,23.8,38.6,3.6,89.6,3.6,0.2,1.3,True,False,True,-5.08
2014,IA,2,27.9,37.9,5.2,86.9,4.0,0.1,2.2,False,False,True,-4.53
2014,IA,3,31.3,36.7,6.5,84.5,4.0,0.2,2.8,True,False,True,-0.02
2014,IA,4,22.5,39.4,6.2,89.1,1.3,0.3,1.8,True,False,True,5.72
2014,KS,1,23.8,35.0,14.9,77.8,2.9,0.4,1.5,True,False,True,23.29
2014,KS,2,27.1,37.1,6.2,83.3,4.3,1.3,1.3,True,False,True,8.41
2014,KS,3,44.7,36.0,11.6,72.8,8.6,0.4,4.2,True,False,True,6.18
2014,KS,4,27.9,35.8,11.8,74.5,6.9,0.7,3.0,True,False,True,14.62
2014,KY,1,15.5,39.9,2.6,88.2,6.7,0.1,0.5,True,False,True,18.59
2014,KY,2,19.8,38.5,3.3,87.8,5.6,0.2,1.1,True,False,True,16.2
2014,KY,3,30.3,38.1,4.7,69.3,21.1,0.1,2.2,False,False,True,-4.22
2014,KY,4,26.3,38.4,3.0,90.4,3.4,0.1,1.2,True,False,True,16.4
2014,KY,5,13.4,40.5,1.2,96.0,1.2,0.2,0.4,True,False,True,26.62
2014,KY,6,30.1,36.1,4.6,82.7,8.9,0.2,1.7,True,False,True,8.73
2014,LA,1,27.5,37.9,8.8,74.1,12.5,1.1,2.0,True,False,True,25.35
2014,LA,2,21.8,35.3,5.8,27.8,62.0,0.1,2.8,False,False,True,-23.77
2014,LA,3,20.0,35.8,3.4,68.5,24.6,0.2,1.2,True,False,True,19.14
2014,LA,4,20.4,36.0,3.9,59.3,33.5,0.8,0.8,True,False,True,12.14
2014,LA,5,16.6,36.1,2.3,59.9,35.6,0.4,0.6,True,False,True,14.37
2014,LA,6,28.6,35.1,4.0,67.9,24.1,0.4,2.0,True,False,True,20.08
2014,ME,1,34.5,44.0,1.5,93.4,1.4,0.4,1.3,False,False,True,-8.82
2014,ME,2,21.7,44.1,1.3,94.4,0.5,0.8,0.7,True,False,True,-2.26
2014,MD,1,30.3,42.4,3.7,80.6,11.8,0.2,2.0,True,False,True,14.03
2014,MD,2,29.4,36.8,6.4,52.5,32.6,0.3,5.4,False,False,True,-11.22
2014,MD,3,45.9,37.3,7.8,61.1,21.3,0.1,6.3,False,False,True,-9.94
2014,MD,4,30.4,36.5,15.7,26.9,52.3,0.2,3.1,False,False,True,-26.09
2014,MD,5,33.0,37.8,7.4,47.8,37.7,0.4,4.1,False,False,True,-14.5
2014,MD,6,41.0,38.1,12.5,60.9,12.8,0.2,10.6,False,False,True,-3.93
2014,MD,7,36.1,37.1,3.6,33.7,54.0,0.3,6.3,False,False,True,-24.75
2014,MD,8,52.2,40.3,14.4,61.9,11.2,0.1,9.3,False,False,True,-11.21
2014,MA,1,27.8,40.4,16.3,74.4,5.7,0.1,1.7,False,False,True,-12.83
2014,MA,2,37.0,38.2,9.0,79.4,4.6,0.2,5.2,False,False,True,-8.04
2014,MA,3,36.1,40.0,17.9,69.6,3.0,0.1,7.2,False,False,True,-5.95
2014,MA,4,48.4,40.4,3.6,85.1,2.5,0.0,5.9,False,False,True,-6.06
2014,MA,5,54.5,38.0,8.8,74.4,4.4,0.1,9.7,False,False,True,-14.25
2014,MA,6,42.2,42.4,7.8,82.9,3.0,0.0,4.5,False,False,True,-3.61
2014,MA,7,40.3,32.0,20.2,43.1,22.9,0.3,9.2,False,False,True,-31.67
2014,MA,8,43.400000000000006,39.0,5.6,75.7,9.1,0.1,6.9,False,False,True,-6.5
2014,MA,9,32.1,45.4,5.4,87.9,2.2,0.2,1.4,False,False,True,-4.47
2014,MI,1,22.9,45.8,1.6,91.0,1.6,2.5,0.7,True,False,True,5.36
2014,MI,2,24.0,36.4,9.4,80.4,5.4,0.3,2.0,True,False,True,7.58
2014,MI,3,29.9,37.1,6.7,79.7,8.6,0.4,1.8,True,False,True,5.06
2014,MI,4,20.3,40.8,3.0,91.4,2.1,0.5,1.0,True,False,True,5.3
2014,MI,5,18.6,40.7,4.8,74.3,17.3,0.3,0.8,False,False,True,-9.6
2014,MI,6,25.6,38.8,5.6,81.4,8.3,0.3,1.5,True,False,True,1.9
2014,MI,7,23.200000000000003,41.1,4.1,88.4,4.5,0.3,0.9,True,False,True,3.14
2014,MI,8,38.5,38.3,5.2,83.0,4.8,0.2,3.7,True,False,True,2.88
2014,MI,9,28.8,39.9,2.1,79.1,11.6,0.3,4.2,False,False,True,-5.67
2014,MI,10,22.2,42.7,3.0,90.7,2.8,0.2,1.4,True,False,True,7.03
2014,MI,11,45.5,41.2,3.2,80.4,5.0,0.2,9.4,True,False,True,4.17
2014,MI,12,32.7,35.8,5.4,76.0,10.1,0.3,5.1,False,False,True,-14.79
2014,MI,13,14.3,36.5,7.1,33.5,55.9,0.4,1.0,False,False,True,-33.59
2014,MI,14,28.5,38.8,4.7,31.4,57.3,0.2,3.7,False,False,True,-29.01
2014,MN,1,26.3,38.3,5.8,87.5,2.4,0.3,2.2,False,False,True,1.33
2014,MN,2,37.5,37.3,5.6,83.0,4.0,0.4,4.5,True,False,True,2.02
2014,MN,3,46.6,38.9,3.8,79.8,7.0,0.2,6.5,True,False,True,1.62
2014,MN,4,42.3,35.7,6.5,69.2,9.3,0.5,11.2,False,False,True,-11.4
2014,MN,5,42.9,34.1,9.5,63.8,15.1,0.8,6.2,False,False,True,-22.88
2014,MN,6,27.9,36.2,2.6,90.7,2.4,0.4,2.1,True,False,True,9.58
2014,MN,7,20.9,40.9,4.1,90.1,0.9,2.7,0.6,False,False,True,6.54
2014,MN,8,22.4,42.9,1.3,92.2,1.1,2.7,0.7,False,False,True,-0.79
2014,MS,1,18.0,37.8,2.8,67.7,27.5,0.1,0.9,True,False,True,15.09
2014,MS,2,18.9,35.4,1.9,31.5,65.1,0.3,0.5,False,False,True,-13.83
2014,MS,3,24.9,37.2,2.2,60.1,35.1,0.9,0.8,True,False,True,13.12
2014,MS,4,19.6,36.1,3.8,69.2,23.8,0.3,1.5,True,False,True,20.84
2014,MO,1,29.8,35.5,3.0,42.1,48.7,0.2,2.7,False,False,True,-28.54
2014,MO,2,48.7,42.0,2.7,87.2,4.0,0.2,4.2,True,False,True,9.13
2014,MO,3,23.5,38.3,2.4,91.7,3.1,0.2,0.9,True,False,True,14.01
2014,MO,4,23.3,36.6,3.5,87.3,4.1,0.3,1.6,True,False,True,13.79
2014,MO,5,25.3,36.8,8.4,65.5,21.3,0.3,1.5,False,False,True,-8.3
2014,MO,6,25.8,38.2,4.1,88.0,4.3,0.2,1.1,True,False,True,12.36
2014,MO,7,22.7,37.6,4.6,89.0,1.8,0.8,1.0,True,False,True,20.17
2014,MO,8,15.0,40.4,1.7,91.2,4.7,0.3,0.4,True,False,True,18.1
2014,MT,0,29.0,39.6,3.3,87.0,0.3,6.6,0.6,True,False,True,7.96
2014,NE,1,30.1,35.2,8.1,83.8,2.8,1.1,2.3,True,False,True,9.96
2014,NE,2,36.9,34.1,10.6,73.9,9.5,0.3,2.8,False,False,True,5.03
2014,NE,3,21.1,40.9,10.8,85.4,1.0,0.7,0.8,True,False,True,23.2
2014,NV,1,14.5,35.7,44.0,34.0,10.5,0.3,7.8,False,False,True,-14.36
2014,NV,2,24.8,38.7,21.4,68.0,1.8,1.9,3.8,True,False,True,5.33
2014,NV,3,30.700000000000003,39.2,15.3,59.6,6.6,0.4,13.4,True,False,True,0.96
2014,NV,4,18.9,34.8,30.2,46.1,13.3,0.8,5.2,True,False,True,-3.62
2014,NH,1,35.3,41.9,3.2,91.4,1.1,0.2,2.3,True,False,True,0.98
2014,NH,2,33.7,42.7,3.1,91.3,0.9,0.2,2.4,False,False,True,-2.9
2014,NJ,1,28.5,38.6,12.9,64.1,16.0,0.0,4.8,False,False,True,-13.29
2014,NJ,2,24.1,41.2,15.1,66.4,12.2,0.2,3.9,True,False,True,-1.7
2014,NJ,3,31.2,42.9,7.4,76.1,10.3,0.1,3.6,True,False,True,0.24
2014,NJ,4,37.4,42.3,10.1,78.3,6.0,0.0,4.2,True,False,True,7.08
2014,NJ,5,45.8,42.8,12.9,70.9,4.9,0.1,9.9,True,False,True,3.81
2014,NJ,6,38.0,37.2,21.7,49.6,9.3,0.1,17.5,False,False,True,-8.98
2014,NJ,7,50.3,42.2,12.0,73.0,4.4,0.1,9.0,True,False,True,5.34
2014,NJ,8,28.700000000000003,34.3,55.1,25.5,8.4,0.1,8.2,False,False,True,-25.36
2014,NJ,9,32.1,37.2,34.7,40.6,9.7,0.1,13.7,False,False,True,-15.45
2014,NJ,10,27.5,35.2,18.5,20.6,51.7,0.2,6.7,False,False,True,-35.22
2014,NJ,11,51.6,42.6,10.5,75.1,3.2,0.0,9.2,True,False,True,5.23
2014,NJ,12,43.1,39.2,14.8,48.8,17.3,0.1,16.5,False,False,True,-14.63
2014,NM,1,32.2,36.9,48.9,40.9,2.5,3.3,2.2,False,False,True,-6.42
2014,NM,2,20.3,35.8,53.1,38.4,1.6,4.7,0.6,True,False,True,5.26
2014,NM,3,26.3,38.1,40.0,38.5,1.2,17.4,1.0,False,False,True,-7.95
2014,NY,1,34.900000000000006,41.0,13.6,76.4,4.4,0.1,4.3,True,False,True,1.72
2014,NY,2,27.3,40.3,22.1,64.0,9.6,0.2,2.8,True,False,True,0.3
2014,NY,3,52.2,43.4,10.2,70.1,3.3,0.2,14.3,False,False,True,0.44
2014,NY,4,39.400000000000006,40.5,19.3,59.6,13.0,0.0,6.3,False,False,True,-3.72
2014,NY,5,23.700000000000003,36.6,19.1,11.5,47.8,0.4,13.2,False,False,True,-36.76
2014,NY,6,37.0,41.1,18.6,37.6,2.8,0.2,38.7,False,False,True,-15.04
2014,NY,7,29.9,33.4,43.1,28.2,7.3,0.2,18.9,False,False,True,-35.98
2014,NY,8,28.9,36.0,16.8,21.8,54.0,0.3,5.0,False,False,True,-36.52
2014,NY,9,35.1,35.4,10.5,31.3,48.6,0.2,7.4,False,False,True,-33.2
2014,NY,10,60.7,35.0,12.1,63.8,4.1,0.2,17.9,False,False,True,-22.67
2014,NY,11,32.8,39.3,16.2,63.0,7.1,0.2,12.0,True,False,True,1.08
2014,NY,12,69.1,36.2,13.6,65.5,4.9,0.1,13.0,False,False,True,-26.46
2014,NY,13,29.7,34.4,54.6,14.3,24.8,0.3,4.0,False,False,True,-42.62
2014,NY,14,25.4,35.7,49.8,22.8,9.7,0.0,16.0,False,False,True,-27.91
2014,NY,15,13.1,31.0,64.7,2.9,28.6,0.2,2.2,False,False,True,-44.05
2014,NY,16,38.8,39.4,23.4,39.4,30.3,0.1,4.3,False,False,True,-21.66
2014,NY,17,44.900000000000006,38.1,21.9,59.6,10.2,0.1,6.1,False,False,True,-5.49
2014,NY,18,33.8,39.3,16.1,69.9,8.7,0.1,3.0,False,False,True,0.1
2014,NY,19,26.8,43.9,6.5,85.8,3.8,0.1,1.5,True,False,True,-0.98
2014,NY,20,36.0,38.6,5.9,78.1,8.4,0.2,4.3,False,False,True,-7.77
2014,NY,21,20.9,40.4,3.2,90.2,2.8,0.7,0.8,True,False,True,-0.59
2014,NY,22,23.3,40.8,3.5,88.6,3.6,0.2,2.4,True,False,True,2.58
2014,NY,23,24.2,40.0,3.6,89.2,2.8,0.5,2.2,True,False,True,2.76
2014,NY,24,29.0,39.6,4.1,82.6,7.9,0.4,2.5,True,False,True,-5.51
2014,NY,25,36.0,38.2,8.1,70.8,15.0,0.2,3.6,False,False,True,-7.39
2014,NY,26,29.5,38.7,6.0,70.3,18.1,0.3,3.3,False,False,True,-12.52
2014,NY,27,28.8,43.2,2.3,92.2,2.2,0.7,1.2,True,False,True,8.33
2014,NC,1,20.0,36.2,7.4,34.0,54.1,0.7,1.5,False,False,True,-20.51
2014,NC,2,29.200000000000003,36.0,11.9,65.1,15.6,0.8,3.4,True,False,True,10.12
2014,NC,3,21.3,34.9,7.5,70.5,17.7,0.3,1.5,True,False,True,11.35
2014,NC,4,42.3,32.7,11.7,48.5,30.9,0.3,5.5,False,False,True,-20.68
2014,NC,5,26.8,40.6,8.2,76.0,12.7,0.2,1.4,True,False,True,11.58
2014,NC,6,29.8,41.7,6.7,73.5,15.7,0.5,2.0,True,False,True,10.45
2014,NC,7,23.6,40.3,9.6,68.7,17.5,1.6,0.7,True,False,True,11.72
2014,NC,8,17.8,38.5,8.5,62.8,18.3,7.1,1.2,True,False,True,10.88
2014,NC,9,48.4,38.2,7.8,73.2,12.5,0.3,4.2,True,False,True,8.61
2014,NC,10,24.2,41.2,6.2,79.0,11.0,0.3,1.3,True,False,True,10.81
2014,NC,11,22.4,44.3,5.4,86.8,2.7,1.5,1.1,True,False,True,13.38
2014,NC,12,23.3,32.0,14.8,27.7,50.6,0.2,4.6,False,False,True,-26.58
2014,NC,13,37.9,39.4,8.2,69.5,16.9,0.2,2.6,True,False,True,8.59
2014,ND,0,27.2,35.5,2.4,87.4,1.4,5.5,1.3,True,False,True,11.08
2014,OH,1,31.8,37.3,2.9,70.0,21.8,0.1,2.9,True,False,True,5.3
2014,OH,2,30.1,40.0,1.7,86.2,8.3,0.2,1.6,True,False,True,7.87
2014,OH,3,26.6,32.5,5.9,54.2,32.0,0.1,3.6,False,False,True,-17.68
2014,OH,4,17.2,40.7,3.2,88.9,4.8,0.1,0.7,True,False,True,9.12
2014,OH,5,24.700000000000003,38.6,4.8,88.7,3.0,0.1,1.5,True,False,True,6.92
2014,OH,6,15.1,42.6,1.0,94.9,2.0,0.1,0.5,True,False,True,8.27
2014,OH,7,20.0,40.6,1.8,90.9,4.1,0.1,0.7,True,False,True,6.56
2014,OH,8,22.8,38.7,3.2,87.0,5.7,0.1,1.5,True,False,True,14.93
2014,OH,9,21.4,38.4,10.2,70.8,14.8,0.2,1.0,False,False,True,-16.06
2014,OH,10,27.4,38.9,2.5,75.6,16.8,0.1,2.0,True,False,True,3.12
2014,OH,11,27.3,38.1,3.8,37.6,53.5,0.2,2.1,False,False,True,-31.13
2014,OH,12,38.4,37.8,2.8,86.2,4.5,0.2,3.3,True,False,True,7.52
2014,OH,13,21.7,40.9,3.4,80.9,11.9,0.1,1.3,False,False,True,-11.25
2014,OH,14,33.4,43.3,2.3,89.7,4.2,0.1,2.1,True,False,True,3.74
2014,OH,15,28.9,38.1,1.6,90.5,3.8,0.1,1.8,True,False,True,5.3
2014,OH,16,31.0,42.9,1.9,91.8,2.1,0.1,2.5,True,False,True,6.03
2014,OK,1,28.6,36.0,10.4,65.9,8.4,5.2,2.1,True,False,True,17.77
2014,OK,2,16.1,39.6,4.7,65.3,3.5,16.1,0.5,True,False,True,19.68
2014,OK,3,22.1,36.2,9.3,75.1,3.6,5.7,1.4,True,False,True,26.06
2014,OK,4,23.4,35.4,7.9,72.1,6.4,5.1,2.2,True,False,True,19.24
2014,OK,5,28.6,34.4,15.5,58.9,13.5,4.2,2.8,True,False,True,11.64
2014,OR,1,36.6,37.4,14.2,72.9,1.5,0.6,6.7,False,False,True,-7.07
2014,OR,2,24.2,42.1,13.1,80.7,0.5,1.5,1.0,True,False,True,10.07
2014,OR,3,37.7,36.8,11.0,72.5,5.1,0.5,6.2,False,False,True,-22.24
2014,OR,4,26.200000000000003,41.4,7.3,85.0,0.7,1.1,2.1,False,False,True,-1.71
2014,OR,5,28.5,39.2,15.9,76.0,0.8,0.6,3.0,False,False,True,-0.02
2014,PA,1,25.8,32.7,17.1,38.7,34.6,0.1,7.2,False,False,True,-29.4
2014,PA,2,32.599999999999994,34.0,5.8,29.8,57.6,0.1,4.6,False,False,True,-38.65
2014,PA,3,24.1,42.5,2.0,90.8,4.7,0.1,0.9,True,False,True,7.92
2014,PA,4,24.6,40.9,6.5,82.0,7.4,0.1,2.2,True,False,True,9.42
2014,PA,5,22.3,40.4,1.9,92.5,2.3,0.3,1.6,True,False,True,8.93
2014,PA,6,42.2,40.6,6.3,84.0,4.0,0.1,3.7,True,False,True,2.42
2014,PA,7,40.6,41.4,3.0,85.7,5.0,0.0,4.7,True,False,True,2.31
2014,PA,8,37.1,42.7,4.6,85.2,3.5,0.2,4.6,True,False,True,1.48
2014,PA,9,17.3,42.7,1.9,93.3,2.9,0.0,0.4,True,False,True,14.78
2014,PA,10,20.3,42.9,3.3,91.1,3.2,0.2,0.9,True,False,True,12.42
2014,PA,11,23.2,42.1,5.9,86.1,4.8,0.2,1.4,True,False,True,6.54
2014,PA,12,31.8,44.7,1.3,92.5,2.9,0.0,1.7,True,False,True,9.97
2014,PA,13,32.1,39.0,10.3,61.1,18.0,0.0,8.5,False,False,True,-13.99
2014,PA,14,32.1,38.4,1.9,70.9,21.3,0.1,2.8,False,False,True,-16.23
2014,PA,15,27.8,41.3,14.4,77.4,3.9,0.1,2.8,True,False,True,2.81
2014,PA,16,26.0,37.7,17.3,73.4,5.8,0.1,1.8,True,False,True,4.63
2014,PA,17,20.7,42.0,8.1,83.0,5.6,0.1,1.4,False,False,True,-4.11
2014,PA,18,34.7,44.5,1.6,92.5,2.4,0.0,2.1,True,False,True,10.24
2014,RI,1,31.5,39.4,16.3,69.1,7.1,0.4,3.1,False,False,True,-14.98
2014,RI,2,33.3,40.5,10.8,80.2,3.5,0.3,3.1,False,False,True,-8.61
2014,SC,1,38.4,37.7,6.4,70.6,19.0,0.2,1.7,True,False,True,11.03
2014,SC,2,32.3,38.5,5.3,67.6,23.2,0.2,1.8,True,False,True,15.34
2014,SC,3,20.200000000000003,40.3,4.2,74.8,18.8,0.2,0.7,True,False,True,17.65
2014,SC,4,29.9,37.8,8.2,68.4,19.2,0.3,2.4,True,False,True,15.2
2014,SC,5,22.1,39.6,4.1,66.1,26.3,0.3,1.0,True,False,True,8.34
2014,SC,6,18.0,34.6,4.4,35.3,57.3,0.2,0.9,False,False,True,-21.19
2014,SC,7,20.4,41.5,4.2,63.7,28.8,0.7,0.8,True,False,True,7.23
2014,SD,0,26.5,36.6,3.2,83.4,1.5,8.2,1.1,True,False,True,10.38
2014,TN,1,18.5,42.9,3.4,91.7,2.3,0.3,0.6,True,False,True,25.56
2014,TN,2,28.700000000000003,39.5,3.7,86.6,6.5,0.2,1.3,True,False,True,20.04
2014,TN,3,20.7,41.1,3.2,82.7,11.1,0.2,1.1,True,False,True,16.28
2014,TN,4,21.1,37.0,5.5,81.8,8.6,0.2,1.5,True,False,True,17.97
2014,TN,5,35.0,34.7,9.1,60.8,24.7,0.3,2.9,False,False,True,-4.76
2014,TN,6,19.5,40.8,3.8,89.2,4.6,0.1,0.8,True,False,True,21.44
2014,TN,7,27.8,37.1,4.7,81.6,9.4,0.2,1.6,True,False,True,18.18
2014,TN,8,28.4,40.4,2.6,73.5,20.3,0.2,2.0,True,False,True,18.85
2014,TN,9,23.0,32.9,6.7,25.3,64.9,0.1,1.6,False,False,True,-26.28
2014,TX,1,19.7,36.3,16.6,63.3,17.8,0.1,0.8,True,False,True,23.91
2014,TX,2,39.5,35.1,31.3,51.3,7.9,0.3,7.4,True,False,True,15.9
2014,TX,3,51.4,35.9,15.1,60.3,8.9,0.3,12.9,True,False,True,16.9
2014,TX,4,19.3,39.0,12.5,73.0,10.9,0.5,1.0,True,False,True,26.17
2014,TX,5,19.4,35.8,27.9,54.0,14.3,0.4,1.8,True,False,True,16.92
2014,TX,6,29.4,34.9,21.1,52.6,19.1,0.3,4.8,True,False,True,10.79
2014,TX,7,49.9,34.3,28.3,44.0,13.7,0.2,11.2,True,False,True,12.82
2014,TX,8,27.1,36.1,22.4,65.5,8.4,0.1,2.2,True,False,True,29.29
2014,TX,9,26.8,32.1,36.8,11.7,38.7,0.1,11.0,False,False,True,-25.73
2014,TX,10,36.7,35.4,28.6,53.1,10.8,0.1,5.3,True,False,True,11.89
2014,TX,11,20.1,35.6,35.6,58.2,3.4,0.3,0.9,True,False,True,31.69
2014,TX,12,31.3,35.2,22.4,65.0,6.9,0.5,3.1,True,False,True,19.33
2014,TX,13,20.0,35.7,25.6,65.0,5.3,0.4,1.8,True,False,True,32.71
2014,TX,14,22.1,36.6,23.9,52.1,19.5,0.3,3.0,True,False,True,11.81
2014,TX,15,17.8,30.4,80.7,15.9,1.8,0.1,1.2,False,False,True,-5.58
2014,TX,16,22.8,31.6,79.0,14.9,3.5,0.3,1.2,False,False,True,-12.64
2014,TX,17,27.9,31.7,24.7,56.3,12.6,0.2,4.0,True,False,True,13.21
2014,TX,18,20.3,32.0,40.4,17.2,37.0,0.0,3.7,False,False,True,-24.56
2014,TX,19,21.2,33.1,35.9,55.3,5.8,0.3,1.2,True,False,True,26.31
2014,TX,20,24.0,32.6,68.3,21.6,5.3,0.0,3.2,False,False,True,-7.14
2014,TX,21,44.8,37.9,26.9,64.8,3.4,0.1,2.9,True,False,True,12.61
2014,TX,22,43.5,35.4,24.3,43.2,13.9,0.1,16.7,True,False,True,14.78
2014,TX,23,20.0,33.0,69.9,24.5,2.7,0.5,1.3,True,False,True,3.33
2014,TX,24,42.9,35.4,23.7,50.6,10.2,0.2,12.5,True,False,True,13.2
2014,TX,25,35.6,36.1,18.2,70.3,6.3,0.3,2.5,True,False,True,12.56
2014,TX,26,40.5,34.4,17.5,66.5,7.0,0.2,5.0,True,False,True,20.16
2014,TX,27,17.1,36.5,50.6,41.6,5.1,0.1,1.6,True,False,True,13.26
2014,TX,28,16.5,31.4,77.8,16.8,3.3,0.2,0.6,False,False,True,-7.96
2014,TX,29,9.0,28.4,78.0,10.0,10.4,0.1,1.1,False,False,True,-13.25
2014,TX,30,20.1,32.6,37.9,16.1,42.7,0.1,1.7,False,False,True,-27.46
2014,TX,31,33.1,33.5,23.2,57.9,11.2,0.2,4.2,True,False,True,12.26
2014,TX,32,42.7,35.7,25.6,50.5,13.2,0.3,7.5,True,False,True,9.72
2014,TX,33,9.6,28.9,64.6,15.8,16.8,0.1,2.1,False,False,True,-19.37
2014,TX,34,14.6,32.1,83.7,14.3,0.9,0.1,0.7,False,False,True,-8.75
2014,TX,35,18.6,30.4,63.0,24.8,9.4,0.1,1.1,False,False,True,-12.02
2014,TX,36,18.7,37.7,23.2,64.5,8.6,0.3,1.6,True,False,True,25.44
2014,UT,1,28.8,30.1,12.2,82.3,1.0,0.9,1.6,True,False,True,29.11
2014,UT,2,31.9,31.9,14.3,77.7,1.1,1.1,2.1,True,False,True,20.0
2014,UT,3,38.5,27.7,10.4,83.1,0.4,1.6,1.9,True,False,True,29.84
2014,UT,4,26.9,30.5,16.5,75.2,1.6,0.7,3.0,True,False,True,18.59
2014,VT,0,35.7,42.5,1.5,94.0,1.1,0.3,1.2,False,False,True,-16.02
2014,VA,1,35.8,38.5,9.2,66.9,17.0,0.3,3.6,True,False,True,5.9
2014,VA,2,32.4,35.0,7.7,62.3,20.8,0.2,5.2,True,False,True,1.61
2014,VA,3,22.0,32.9,5.8,32.4,56.3,0.3,1.8,False,False,True,-27.2
2014,VA,4,24.7,38.9,5.1,58.3,31.4,0.2,2.1,True,False,True,3.11
2014,VA,5,26.9,41.7,3.3,72.9,19.9,0.1,1.4,True,False,True,5.33
2014,VA,6,25.3,39.9,4.6,80.8,10.3,0.2,1.8,True,False,True,11.68
2014,VA,7,38.4,39.6,5.5,72.5,14.5,0.1,4.7,True,False,True,9.68
2014,VA,8,61.400000000000006,35.6,18.8,52.6,14.3,0.1,11.1,False,False,True,-16.34
2014,VA,9,19.0,41.9,2.2,89.7,5.2,0.1,1.2,True,False,True,15.48
2014,VA,10,53.8,36.8,12.3,64.3,6.8,0.2,12.3,True,False,True,2.47
2014,VA,11,53.5,35.6,18.5,47.4,12.6,0.1,17.9,False,False,True,-10.72
2014,WA,1,40.3,38.4,9.6,74.7,1.1,1.0,9.9,False,False,True,-3.58
2014,WA,2,29.8,37.4,9.5,74.4,2.9,1.2,7.4,False,False,True,-8.71
2014,WA,3,22.5,39.1,8.4,82.0,1.5,0.9,3.2,True,False,True,2.54
2014,WA,4,19.1,33.5,37.7,55.4,1.0,2.1,1.8,True,False,True,13.29
2014,WA,5,26.9,37.5,6.2,84.7,1.7,1.3,2.5,True,False,True,6.81
2014,WA,6,28.4,42.0,7.2,77.9,3.1,1.8,4.4,False,False,True,-5.43
2014,WA,7,57.5,36.9,7.6,71.6,4.0,0.5,10.7,False,False,True,-29.08
2014,WA,8,32.0,38.6,10.1,72.7,3.2,0.8,7.8,True,False,True,1.2
2014,WA,9,39.9,36.7,12.0,48.5,10.4,0.6,21.9,False,False,True,-17.34
2014,WA,10,26.200000000000003,35.3,11.0,67.8,6.7,1.3,6.4,False,False,True,-5.52
2014,WV,1,21.1,40.7,1.4,93.9,2.5,0.1,0.7,True,False,True,14.55
2014,WV,2,20.5,42.0,1.9,90.7,3.7,0.1,0.6,True,False,True,12.2
2014,WV,3,15.2,42.2,1.0,93.3,3.9,0.1,0.3,True,False,True,16.46
2014,WI,1,26.1,39.9,9.6,81.1,5.4,0.2,1.9,True,False,True,3.65
2014,WI,2,39.2,36.4,6.1,83.2,4.2,0.3,3.9,False,False,True,-17.23
2014,WI,3,23.5,38.7,2.3,92.7,0.9,0.6,2.0,False,False,True,-4.36
2014,WI,4,26.8,32.5,15.9,43.8,33.4,0.5,3.5,False,False,True,-23.39
2014,WI,5,35.2,40.7,5.6,88.5,1.7,0.2,2.4,True,False,True,13.27
2014,WI,6,24.4,41.7,4.3,90.3,1.3,0.4,2.3,True,False,True,5.15
2014,WI,7,21.2,43.4,2.0,92.3,0.8,2.0,1.5,True,False,True,2.57
2014,WI,8,25.3,39.8,4.7,87.9,1.2,2.4,2.2,True,False,True,2.71
2014,WY,0,26.6,36.6,8.9,84.7,1.3,2.0,0.9,True,False,True,22.41
2016,AL,1,23.86,39.4,3.0,65.0,28.2,1.1,1.3,True,False,False,14.46
2016,AL,2,21.38,38.0,3.0,62.2,31.6,0.2,1.0,True,False,False,16.06
2016,AL,3,20.79,38.5,3.0,68.1,25.1,0.2,1.5,True,False,False,15.34
2016,AL,4,16.07,40.5,6.3,83.9,7.1,0.4,0.4,True,False,False,27.71
2016,AL,5,31.33,39.8,5.1,72.8,17.4,0.5,1.6,True,False,False,16.73
2016,AL,6,35.29,38.5,4.2,76.8,15.5,0.2,1.9,True,False,False,27.43
2016,AL,7,19.55,36.0,3.2,31.4,63.4,0.1,0.7,False,False,False,-20.25
2016,AK,0,29.69,33.3,7.0,61.3,3.4,13.3,6.2,True,False,False,10.65
2016,AZ,1,23.22,36.6,22.9,48.3,2.3,22.6,1.7,False,False,False,3.76
2016,AZ,2,33.05,41.7,27.8,62.0,3.9,0.6,3.0,True,False,False,3.11
2016,AZ,3,15.579999999999998,31.1,60.0,29.1,4.5,3.3,1.6,False,False,False,-9.15
2016,AZ,4,18.56,47.9,18.1,75.6,1.5,1.5,1.0,True,False,False,19.99
2016,AZ,5,35.15,38.6,17.2,70.6,3.1,1.3,5.1,True,False,False,16.86
2016,AZ,6,41.97,42.2,18.2,69.8,3.0,1.5,4.9,True,False,False,12.38
2016,AZ,7,13.82,29.9,62.8,21.5,9.6,2.4,2.1,False,False,False,-18.73
2016,AZ,8,27.67,41.7,19.7,69.1,4.5,0.6,3.4,True,False,False,14.64
2016,AZ,9,36.93,33.3,29.3,56.1,4.7,2.4,4.8,False,False,False,0.17
2016,AR,1,15.38,40.0,3.1,76.1,18.1,0.4,0.5,True,False,False,14.3
2016,AR,2,29.0,36.5,5.0,68.6,22.4,0.3,1.7,True,False,False,8.15
2016,AR,3,26.53,35.1,13.7,75.5,3.3,1.1,2.7,True,False,False,19.32
2016,AR,4,15.91,41.2,5.6,71.9,19.5,0.6,0.6,True,False,False,15.26
2016,CA,1,24.22,42.4,13.1,77.3,1.4,1.7,3.0,True,False,False,10.19
2016,CA,2,40.68,43.5,17.7,70.9,1.5,1.7,4.0,False,False,False,-19.94
2016,CA,3,24.87,34.7,30.0,47.4,6.1,0.6,10.8,False,False,False,-3.53
2016,CA,4,32.05,44.9,13.2,76.2,1.6,0.6,4.7,True,False,False,10.91
2016,CA,5,30.33,39.8,27.9,49.6,5.7,0.3,11.5,False,False,False,-19.54
2016,CA,6,26.65,33.9,29.5,36.6,11.9,0.4,15.1,False,False,False,-18.26
2016,CA,7,33.400000000000006,38.5,15.9,54.6,7.3,0.3,16.0,False,False,False,0.19
2016,CA,8,17.36,34.1,39.2,46.1,7.6,0.9,2.9,True,False,False,9.46
2016,CA,9,19.130000000000003,34.4,37.6,35.2,8.7,0.2,14.0,False,False,False,-6.36
2016,CA,10,17.87,34.7,42.7,42.9,3.0,0.4,6.8,True,False,False,0.68
2016,CA,11,42.96,39.8,27.2,46.1,8.3,0.2,13.7,False,False,False,-17.27
2016,CA,12,56.57,38.3,14.9,43.3,5.1,0.1,32.2,False,False,False,-34.6
2016,CA,13,47.46,36.8,22.4,35.0,16.8,0.3,20.1,False,False,False,-38.07
2016,CA,14,44.92,39.5,24.3,34.1,2.8,0.1,33.3,False,False,False,-23.48
2016,CA,15,43.62,37.9,22.2,32.6,5.9,0.3,33.5,False,False,False,-16.96
2016,CA,16,12.11,30.0,60.4,22.3,4.8,0.6,9.6,False,False,False,-7.18
2016,CA,17,55.120000000000005,36.8,16.2,24.7,2.4,0.2,52.8,False,False,False,-20.76
2016,CA,18,61.09,39.6,15.9,55.1,1.7,0.1,22.7,False,False,False,-18.28
2016,CA,19,34.15,36.8,41.3,25.2,2.8,0.2,26.8,False,False,False,-19.79
2016,CA,20,26.1,34.4,52.9,36.8,1.6,0.3,5.0,False,False,False,-20.78
2016,CA,21,9.12,29.6,74.7,17.0,3.7,0.5,3.0,True,False,False,-2.6
2016,CA,22,23.54,32.8,46.7,40.1,3.3,0.4,7.2,True,False,False,9.78
2016,CA,23,20.46,33.3,37.7,47.1,6.7,0.4,5.2,True,False,False,15.31
2016,CA,24,33.64,35.8,36.0,54.7,1.9,0.4,4.6,False,False,False,-3.83
2016,CA,25,27.03,36.0,37.2,42.8,8.0,0.2,9.0,True,False,False,3.04
2016,CA,26,32.410000000000004,37.3,45.0,43.6,1.7,0.2,6.9,False,False,False,-3.47
2016,CA,27,41.78,41.4,27.9,26.4,4.6,0.2,37.9,False,False,False,-11.46
2016,CA,28,45.06,39.5,24.2,56.2,2.9,0.1,13.2,False,False,False,-20.2
2016,CA,29,19.66,33.8,68.8,18.4,3.8,0.1,7.6,False,False,False,-26.07
2016,CA,30,42.73,38.6,28.9,49.9,4.2,0.2,13.1,False,False,False,-14.7
2016,CA,31,22.19,32.3,51.8,27.1,10.2,0.3,7.8,False,False,False,-5.93
2016,CA,32,20.18,36.6,63.4,16.3,1.7,0.2,16.8,False,False,False,-13.59
2016,CA,33,62.43,40.8,13.0,63.8,3.6,0.2,14.1,False,False,False,-10.55
2016,CA,34,24.13,34.2,64.2,10.3,4.6,0.2,19.2,False,False,False,-31.98
2016,CA,35,14.88,31.6,71.5,13.0,5.9,0.2,7.0,False,False,False,-15.86
2016,CA,36,19.58,39.6,49.8,40.2,4.4,0.6,3.1,False,False,False,0.8
2016,CA,37,37.7,35.2,38.1,25.2,23.4,0.1,9.7,False,False,False,-34.51
2016,CA,38,22.3,36.9,62.5,16.4,3.7,0.3,15.3,False,False,False,-13.05
2016,CA,39,41.07,39.2,34.9,30.0,1.7,0.2,30.8,True,False,False,4.17
2016,CA,40,9.49,30.8,87.6,4.9,4.5,0.1,2.5,False,False,False,-29.97
2016,CA,41,16.990000000000002,30.9,58.0,25.1,9.1,0.3,5.1,False,False,False,-9.92
2016,CA,42,24.12,35.8,38.1,42.8,4.9,0.3,10.0,True,False,False,9.62
2016,CA,43,23.99,34.7,48.3,13.5,22.3,0.1,12.5,False,False,False,-26.68
2016,CA,44,13.41,32.3,69.4,6.8,14.8,0.3,6.6,False,False,False,-33.18
2016,CA,45,54.73,39.5,17.9,51.3,2.2,0.0,24.4,True,False,False,7.46
2016,CA,46,16.79,31.7,67.3,17.5,1.8,0.1,11.9,False,False,False,-9.79
2016,CA,47,30.24,37.1,36.3,30.6,6.8,0.6,21.9,False,False,False,-8.73
2016,CA,48,44.3,42.0,20.3,56.3,1.2,0.3,18.2,True,False,False,7.52
2016,CA,49,43.53,37.8,25.8,61.5,2.5,0.3,6.8,True,False,False,4.78
2016,CA,50,27.7,36.9,31.4,55.6,2.3,0.8,6.1,True,False,False,13.58
2016,CA,51,13.64,32.5,70.6,13.1,5.6,0.4,8.7,False,False,False,-17.36
2016,CA,52,57.54,36.3,15.7,57.5,2.8,0.1,19.0,False,False,False,-1.61
2016,CA,53,36.74,35.0,34.2,39.3,9.0,0.2,12.5,False,False,False,-10.35
2016,CO,1,46.68,34.7,27.6,57.6,8.1,0.5,3.3,False,False,False,-18.49
2016,CO,2,54.64,37.3,10.5,82.5,0.8,0.3,3.4,False,False,False,-7.75
2016,CO,3,30.22,39.0,24.6,70.6,0.9,1.3,0.6,True,False,False,4.9
2016,CO,4,33.97,36.9,21.8,72.3,1.2,0.4,2.0,True,False,False,11.62
2016,CO,5,34.77,35.3,15.8,71.3,5.8,0.3,2.6,True,False,False,12.83
2016,CO,6,41.13,36.3,20.6,61.8,8.5,0.2,5.0,True,False,False,-0.66
2016,CO,7,32.11,36.1,28.4,63.7,1.7,0.4,3.2,False,False,False,-5.45
2016,CT,1,36.66,41.0,15.8,62.2,14.9,0.1,4.8,False,False,False,-12.28
2016,CT,2,34.86,41.4,8.7,81.2,3.8,0.2,3.2,False,False,False,-5.04
2016,CT,3,35.89,39.0,16.0,64.6,12.7,0.2,4.6,False,False,False,-10.94
2016,CT,4,48.58,39.7,19.4,61.2,11.8,0.0,5.3,False,False,False,-4.28
2016,CT,5,35.58,41.8,17.1,70.9,6.2,0.1,3.7,False,False,False,-2.5
2016,DE,0,30.94,39.7,9.0,63.0,21.2,0.3,3.8,False,False,False,-7.85
2016,GA,1,24.34,35.7,6.2,59.4,29.0,0.4,2.0,True,False,False,8.62
2016,GA,2,17.88,36.2,5.2,39.9,52.1,0.2,1.0,False,False,False,-6.33
2016,GA,3,25.8,37.8,5.4,66.6,24.0,0.1,1.6,True,False,False,18.73
2016,GA,4,30.46,35.5,9.7,24.6,58.7,0.1,4.8,False,False,False,-21.53
2016,GA,5,40.58,33.7,6.3,29.3,57.5,0.2,4.6,False,False,False,-31.87
2016,GA,6,59.46,37.6,13.2,60.5,12.5,0.4,11.0,True,False,False,13.85
2016,GA,7,40.0,35.1,18.3,45.6,20.0,0.1,13.0,True,False,False,13.33
2016,GA,8,19.94,36.8,6.6,60.3,29.3,0.1,1.7,True,False,False,14.5
2016,GA,9,22.96,40.9,12.5,77.0,7.3,0.2,1.3,True,False,False,30.75
2016,GA,10,25.02,36.4,5.4,65.2,25.6,0.1,1.7,True,False,False,14.56
2016,GA,11,41.21,36.6,10.5,67.6,15.7,0.1,3.7,True,False,False,19.69
2016,GA,12,20.79,35.2,6.2,55.3,34.9,0.1,1.4,True,False,False,8.29
2016,GA,13,29.270000000000003,35.6,12.0,26.5,57.5,0.0,2.4,False,False,False,-17.03
2016,GA,14,17.01,37.4,11.3,76.7,8.6,0.2,1.1,True,False,False,26.1
2016,HI,1,34.349999999999994,38.6,8.4,16.8,2.3,0.1,48.3,False,False,False,-18.38
2016,HI,2,28.28,36.9,12.3,28.6,1.6,0.2,24.3,False,False,False,-20.87
2016,ID,1,24.68,37.9,10.5,84.1,0.4,1.2,1.0,True,False,False,18.54
2016,ID,2,27.43,33.7,13.7,81.0,0.6,1.1,1.5,True,False,False,17.38
2016,IL,1,26.92,38.0,9.9,35.6,50.6,0.1,1.7,False,False,False,-27.55
2016,IL,2,22.05,38.3,13.3,28.5,56.0,0.1,0.7,False,False,False,-29.03
2016,IL,3,26.16,37.2,33.0,56.7,5.0,0.0,4.0,False,False,False,-5.0
2016,IL,4,23.44,32.2,70.1,21.9,3.5,0.1,3.4,False,False,False,-29.93
2016,IL,5,52.0,35.2,20.3,68.0,2.8,0.1,6.3,False,False,False,-15.92
2016,IL,6,49.53,40.7,11.9,74.6,2.9,0.0,8.7,True,False,False,5.08
2016,IL,7,40.64,34.3,14.1,28.1,48.5,0.1,7.6,False,False,False,-36.2
2016,IL,8,33.29,37.4,27.8,51.3,4.4,0.1,13.8,False,False,False,-7.04
2016,IL,9,51.41,40.2,11.3,64.0,8.4,0.1,13.3,False,False,False,-14.55
2016,IL,10,44.35,37.9,22.5,58.1,7.0,0.1,10.3,False,False,False,-7.25
2016,IL,11,33.41,35.3,27.2,52.5,10.9,0.1,7.4,False,False,False,-7.4
2016,IL,12,22.45,39.1,3.3,76.2,17.0,0.2,1.2,True,False,False,0.42
2016,IL,13,30.75,36.5,3.1,78.7,11.1,0.1,4.0,True,False,False,1.03
2016,IL,14,40.0,39.1,11.3,79.5,3.0,0.0,4.7,True,False,False,6.0
2016,IL,15,19.02,39.9,2.8,91.0,4.5,0.1,0.6,True,False,False,15.45
2016,IL,16,21.7,40.2,9.5,83.3,3.9,0.2,1.4,True,False,False,5.01
2016,IL,17,18.38,40.1,9.2,75.8,11.5,0.1,1.3,False,False,False,-6.71
2016,IL,18,32.02,39.9,2.8,89.3,3.4,0.1,2.5,True,False,False,12.62
2016,IN,1,22.68,38.7,15.1,62.9,18.2,0.1,1.4,False,False,False,-10.13
2016,IN,2,20.96,37.5,9.4,80.0,6.7,0.3,1.5,True,False,False,7.69
2016,IN,3,22.39,36.8,6.1,83.3,5.7,0.3,1.9,True,False,False,14.28
2016,IN,4,25.75,36.3,6.0,85.6,3.5,0.2,2.8,True,False,False,12.82
2016,IN,5,43.97,37.9,4.4,81.3,8.3,0.1,3.2,True,False,False,9.57
2016,IN,6,19.76,40.4,2.4,91.8,2.6,0.2,1.4,True,False,False,12.72
2016,IN,7,22.17,33.4,10.8,54.3,28.9,0.3,3.0,False,False,False,-12.34
2016,IN,8,19.67,39.6,2.2,90.7,4.0,0.2,1.0,True,False,False,9.89
2016,IN,9,25.81,37.3,3.3,89.4,2.8,0.2,2.3,True,False,False,9.52
2016,IA,1,25.57,38.9,3.7,88.9,3.7,0.3,1.3,True,False,False,-5.08
2016,IA,2,26.24,38.1,5.5,85.9,4.0,0.1,2.3,False,False,False,-4.53
2016,IA,3,31.26,36.7,6.7,84.1,4.0,0.2,3.0,True,False,False,-0.02
2016,IA,4,23.97,38.9,6.4,88.3,1.6,0.5,2.0,True,False,False,5.72
2016,KS,1,23.7,35.3,15.8,76.9,2.9,0.5,1.7,True,False,False,23.29
2016,KS,2,27.730000000000004,37.1,6.7,82.5,4.3,1.4,1.6,True,False,False,8.41
2016,KS,3,47.0,36.5,11.7,72.4,8.5,0.2,4.5,True,False,False,6.18
2016,KS,4,27.26,36.1,12.0,73.9,7.3,0.8,3.4,True,False,False,14.62
2016,KY,1,16.87,40.1,2.7,87.6,7.2,0.2,0.5,True,False,False,18.59
2016,KY,2,19.78,38.5,3.1,87.3,5.5,0.2,1.4,True,False,False,16.2
2016,KY,3,32.69,38.0,5.0,68.3,21.1,0.2,2.5,False,False,False,-4.22
2016,KY,4,26.53,38.6,3.4,90.1,3.4,0.1,1.3,True,False,False,16.4
2016,KY,5,13.23,40.9,1.1,96.0,1.5,0.2,0.3,True,False,False,26.62
2016,KY,6,30.08,36.9,4.5,82.1,8.7,0.1,2.0,True,False,False,8.73
2016,LA,1,29.39,38.1,8.7,72.1,14.0,1.1,2.0,True,False,False,25.35
2016,LA,2,22.75,35.6,6.3,28.8,59.9,0.2,3.0,False,False,False,-23.77
2016,LA,3,20.18,35.7,3.8,67.6,24.3,0.4,1.6,True,False,False,19.14
2016,LA,4,19.31,36.5,3.7,58.6,33.9,0.6,1.0,True,False,False,12.14
2016,LA,5,17.59,37.3,2.3,60.0,36.0,0.2,0.4,True,False,False,14.37
2016,LA,6,29.28,35.2,4.3,66.8,24.1,0.2,2.2,True,False,False,20.08
2016,ME,1,37.32,44.5,1.7,93.2,1.3,0.3,1.4,False,False,False,-8.82
2016,ME,2,22.75,44.6,1.4,94.0,0.7,1.0,0.6,True,False,False,-2.26
2016,MD,1,31.0,42.4,3.8,80.0,11.6,0.1,2.2,True,False,False,14.03
2016,MD,2,31.08,36.3,7.0,50.7,33.9,0.3,5.2,False,False,False,-11.22
2016,MD,3,47.33,36.7,9.3,59.8,19.4,0.2,7.9,False,False,False,-9.94
2016,MD,4,33.04,36.8,15.4,26.4,52.1,0.2,3.5,False,False,False,-26.09
2016,MD,5,34.93,38.2,8.7,46.0,37.0,0.2,4.2,False,False,False,-14.5
2016,MD,6,40.95,38.4,13.2,59.1,13.4,0.1,10.9,False,False,False,-3.93
2016,MD,7,37.04,38.3,3.4,32.8,53.6,0.2,7.3,False,False,False,-24.75
2016,MD,8,53.93,40.0,15.0,60.1,11.8,0.2,9.6,False,False,False,-11.21
2016,MA,1,29.06,41.0,17.5,72.8,5.8,0.2,1.9,False,False,False,-12.83
2016,MA,2,36.7,39.1,9.3,78.1,4.9,0.2,5.2,False,False,False,-8.04
2016,MA,3,37.41,39.0,18.9,67.6,2.8,0.1,8.6,False,False,False,-5.95
2016,MA,4,49.88,40.9,4.8,84.1,2.7,0.0,5.9,False,False,False,-6.06
2016,MA,5,55.88,39.5,8.3,72.6,4.7,0.1,10.9,False,False,False,-14.25
2016,MA,6,42.44,42.1,8.6,82.1,3.1,0.1,4.1,False,False,False,-3.61
2016,MA,7,42.22,31.7,21.9,40.5,24.4,0.1,10.0,False,False,False,-31.67
2016,MA,8,45.34,39.0,5.9,73.9,8.9,0.0,7.9,False,False,False,-6.5
2016,MA,9,33.06,45.6,5.0,86.5,2.9,0.1,1.8,False,False,False,-4.47
2016,MI,1,24.9,46.4,2.0,91.0,1.6,2.5,0.7,True,False,False,5.36
2016,MI,2,25.05,37.0,9.3,79.1,6.5,0.4,2.1,True,False,False,7.58
2016,MI,3,30.18,36.9,7.3,79.5,7.8,0.4,2.1,True,False,False,5.06
2016,MI,4,20.68,41.0,3.3,91.4,1.9,0.8,0.9,True,False,False,5.3
2016,MI,5,19.51,41.1,4.7,74.2,16.7,0.2,1.0,False,False,False,-9.6
2016,MI,6,28.07,38.8,6.0,80.9,8.0,0.3,1.5,True,False,False,1.9
2016,MI,7,23.36,42.0,4.3,88.0,4.2,0.3,1.0,True,False,False,3.14
2016,MI,8,39.02,38.5,4.8,82.9,5.2,0.1,4.2,True,False,False,2.88
2016,MI,9,28.83,41.1,2.2,77.4,13.3,0.4,4.1,False,False,False,-5.67
2016,MI,10,22.81,42.3,3.3,90.0,2.7,0.1,1.8,True,False,False,7.03
2016,MI,11,46.02,41.1,3.6,77.7,6.1,0.3,10.1,True,False,False,4.17
2016,MI,12,34.27,35.9,5.8,75.3,10.3,0.2,5.5,False,False,False,-14.79
2016,MI,13,15.29,36.2,7.1,34.1,55.3,0.3,1.4,False,False,False,-33.59
2016,MI,14,29.72,38.0,4.8,32.0,55.9,0.2,4.6,False,False,False,-29.01
2016,MN,1,28.21,38.4,6.2,86.6,2.7,0.2,2.8,False,False,False,1.33
2016,MN,2,37.82,37.7,5.8,82.1,4.0,0.3,4.7,True,False,False,2.02
2016,MN,3,47.98,39.8,4.3,78.8,7.2,0.2,7.0,True,False,False,1.62
2016,MN,4,43.19,35.7,6.7,67.6,9.7,0.4,12.0,False,False,False,-11.4
2016,MN,5,45.13,34.0,9.3,62.8,16.6,0.7,6.4,False,False,False,-22.88
2016,MN,6,29.26,37.0,2.7,90.0,2.4,0.4,2.4,True,False,False,9.58
2016,MN,7,21.65,41.0,4.2,89.3,1.3,2.9,0.9,False,False,False,6.54
2016,MN,8,22.31,43.2,1.7,91.9,0.9,2.3,0.7,False,False,False,-0.79
2016,MS,1,19.85,37.7,3.3,67.2,27.6,0.1,0.6,True,False,False,15.09
2016,MS,2,17.69,35.6,1.9,30.3,66.3,0.2,0.7,False,False,False,-13.83
2016,MS,3,25.23,37.4,2.1,60.5,34.4,0.9,1.2,True,False,False,13.12
2016,MS,4,20.36,37.1,4.1,68.6,23.7,0.3,1.6,True,False,False,20.84
2016,MO,1,30.55,35.4,3.6,41.2,49.0,0.1,3.1,False,False,False,-28.54
2016,MO,2,47.22,42.7,2.6,87.2,3.7,0.2,4.3,True,False,False,9.13
2016,MO,3,24.5,39.1,2.2,91.3,3.3,0.3,1.2,True,False,False,14.01
2016,MO,4,25.19,36.6,3.8,86.5,5.1,0.4,1.5,True,False,False,13.79
2016,MO,5,27.24,36.9,8.9,64.0,21.7,0.4,2.0,False,False,False,-8.3
2016,MO,6,27.32,38.5,3.9,88.1,4.5,0.3,1.0,True,False,False,12.36
2016,MO,7,23.97,37.7,5.0,88.3,1.8,0.9,1.4,True,False,False,20.17
2016,MO,8,15.57,40.5,1.7,90.7,5.1,0.3,0.6,True,False,False,18.1
2016,MT,0,30.61,39.9,3.6,86.6,0.4,6.1,0.8,True,False,False,7.96
2016,NE,1,29.9,35.2,9.1,82.2,3.0,1.1,2.4,True,False,False,9.96
2016,NE,2,38.47,34.5,11.0,73.2,9.7,0.5,3.1,True,False,False,5.03
2016,NE,3,21.87,39.9,11.1,85.2,1.0,0.8,0.6,True,False,False,23.2
2016,NV,1,15.36,36.7,46.7,30.7,9.7,0.4,8.5,False,False,False,-14.36
2016,NV,2,26.0,39.4,22.4,66.5,1.8,1.8,3.7,True,False,False,5.33
2016,NV,3,31.83,38.7,16.5,57.3,7.0,0.5,13.4,False,False,False,0.96
2016,NV,4,19.84,36.3,27.9,47.1,14.2,0.7,5.7,False,False,False,-3.62
2016,NH,1,36.26,42.5,3.7,91.0,1.6,0.0,1.8,False,False,False,0.98
2016,NH,2,35.08,43.2,3.0,90.8,1.2,0.1,3.3,False,False,False,-2.9
2016,NJ,1,30.93,39.0,13.0,62.7,15.9,0.0,5.3,False,False,False,-13.29
2016,NJ,2,25.34,42.3,16.1,65.7,11.5,0.2,4.0,True,False,False,-1.7
2016,NJ,3,32.34,43.7,8.0,75.5,10.1,0.1,3.6,True,False,False,0.24
2016,NJ,4,38.67,41.2,10.4,77.4,6.0,0.0,4.4,True,False,False,7.08
2016,NJ,5,46.06,42.6,12.7,70.8,4.8,0.1,10.1,False,False,False,3.81
2016,NJ,6,38.49,36.9,21.5,47.4,10.1,0.2,18.8,False,False,False,-8.98
2016,NJ,7,52.23,42.6,11.4,72.2,4.2,0.0,10.2,True,False,False,5.34
2016,NJ,8,31.89,34.6,55.0,25.1,9.1,0.1,8.2,False,False,False,-25.36
2016,NJ,9,32.05,38.1,36.5,38.3,9.4,0.1,14.1,False,False,False,-15.45
2016,NJ,10,27.78,36.0,20.8,20.3,48.7,0.1,7.5,False,False,False,-35.22
2016,NJ,11,51.99,43.1,11.5,73.5,3.6,0.0,9.6,True,False,False,5.23
2016,NJ,12,43.29,39.5,17.1,47.1,17.4,0.1,16.4,False,False,False,-14.63
2016,NM,1,31.57,37.7,49.4,40.1,2.4,3.7,2.2,False,False,False,-6.42
2016,NM,2,20.08,36.2,53.8,37.3,1.9,4.9,0.7,True,False,False,5.26
2016,NM,3,27.39,38.5,40.8,37.4,1.7,17.0,1.0,False,False,False,-7.95
2016,NY,1,34.28,42.1,14.8,74.9,5.1,0.2,3.6,True,False,False,1.72
2016,NY,2,29.99,39.8,22.8,62.5,8.9,0.0,4.0,True,False,False,0.3
2016,NY,3,51.79,44.7,10.3,68.9,3.1,0.1,15.6,False,False,False,0.44
2016,NY,4,40.7,39.8,20.7,56.2,14.6,0.1,6.7,False,False,False,-3.72
2016,NY,5,24.32,36.7,21.1,10.4,47.2,0.2,13.7,False,False,False,-36.76
2016,NY,6,36.2,40.5,18.6,34.3,3.8,0.2,40.2,False,False,False,-15.04
2016,NY,7,32.980000000000004,33.1,40.5,31.0,7.4,0.1,18.5,False,False,False,-35.98
2016,NY,8,30.95,35.6,17.9,23.8,50.1,0.2,6.0,False,False,False,-36.52
2016,NY,9,37.34,36.0,12.4,31.2,47.2,0.1,6.8,False,False,False,-33.2
2016,NY,10,60.29,36.0,12.2,61.2,4.3,0.3,19.5,False,False,False,-22.67
2016,NY,11,34.37,39.3,17.1,60.2,7.1,0.1,13.6,True,False,False,1.08
2016,NY,12,71.5,36.6,13.6,64.9,4.2,0.1,14.2,False,False,False,-26.46
2016,NY,13,31.54,33.9,54.4,14.8,24.0,0.0,4.2,False,False,False,-42.62
2016,NY,14,25.56,37.0,47.5,23.0,9.7,0.1,17.6,False,False,False,-27.91
2016,NY,15,13.86,30.7,66.0,3.1,27.6,0.3,1.7,False,False,False,-44.05
2016,NY,16,38.67,39.7,24.8,37.3,30.4,0.1,5.0,False,False,False,-21.66
2016,NY,17,44.370000000000005,39.1,22.2,59.6,9.7,0.2,6.2,False,False,False,-5.49
2016,NY,18,34.58,39.4,16.4,68.6,9.4,0.2,3.0,False,False,False,0.1
2016,NY,19,28.28,44.1,7.3,84.9,4.1,0.1,1.6,True,False,False,-0.98
2016,NY,20,36.39,38.9,6.3,76.3,8.4,0.1,5.2,False,False,False,-7.77
2016,NY,21,22.58,40.8,3.3,90.7,3.1,0.4,0.9,True,False,False,-0.59
2016,NY,22,23.43,41.3,3.7,87.6,3.7,0.2,2.7,True,False,False,2.58
2016,NY,23,26.28,40.3,3.7,88.2,2.8,0.5,2.6,True,False,False,2.76
2016,NY,24,30.52,39.9,4.4,81.7,8.0,0.5,2.7,True,False,False,-5.51
2016,NY,25,36.26,38.5,8.6,70.1,15.1,0.2,3.9,False,False,False,-7.39
2016,NY,26,29.76,37.7,6.5,68.4,18.1,0.4,4.0,False,False,False,-12.52
2016,NY,27,29.29,44.3,2.5,92.3,2.4,0.5,1.1,True,False,False,8.33
2016,ND,0,29.15,34.9,3.4,85.9,2.0,4.9,1.3,True,False,False,11.08
2016,OH,1,34.18,37.5,2.7,69.4,22.0,0.1,3.2,True,False,False,5.3
2016,OH,2,30.51,39.4,2.2,86.0,8.3,0.2,1.3,True,False,False,7.87
2016,OH,3,27.2,32.5,6.6,53.2,32.4,0.2,3.5,False,False,False,-17.68
2016,OH,4,16.98,40.7,3.7,87.9,5.3,0.3,0.9,True,False,False,9.12
2016,OH,5,25.18,39.5,5.2,89.1,2.7,0.1,1.2,True,False,False,6.92
2016,OH,6,15.77,43.7,1.0,94.4,2.4,0.2,0.4,True,False,False,8.27
2016,OH,7,19.51,40.6,2.1,91.1,3.8,0.1,0.7,True,False,False,6.56
2016,OH,8,23.69,38.8,3.4,86.3,5.6,0.1,1.9,True,False,False,14.93
2016,OH,9,21.58,38.3,10.6,67.9,16.8,0.2,1.3,False,False,False,-16.06
2016,OH,10,29.05,39.0,2.7,75.2,16.4,0.1,2.1,True,False,False,3.12
2016,OH,11,25.97,38.2,4.5,37.6,52.2,0.2,2.6,False,False,False,-31.13
2016,OH,12,40.0,37.8,2.1,86.3,4.7,0.2,3.6,True,False,False,7.52
2016,OH,13,21.42,40.5,3.3,81.3,11.3,0.1,1.6,False,False,False,-11.25
2016,OH,14,33.53,44.3,2.6,89.4,4.3,0.1,2.0,True,False,False,3.74
2016,OH,15,30.76,37.9,2.0,88.7,4.0,0.0,3.0,True,False,False,5.3
2016,OH,16,32.26,43.6,2.1,91.8,2.2,0.1,2.2,True,False,False,6.03
2016,OK,1,29.37,36.1,10.9,65.0,8.7,5.1,2.6,True,False,False,17.77
2016,OK,2,17.32,39.8,5.1,64.4,3.5,16.0,0.5,True,False,False,19.68
2016,OK,3,22.1,36.4,9.8,74.2,3.7,5.6,1.4,True,False,False,26.06
2016,OK,4,24.07,35.5,8.4,71.2,6.4,4.4,2.3,True,False,False,19.24
2016,OK,5,29.9,34.6,16.1,57.6,13.3,4.2,3.1,True,False,False,11.64
2016,OR,1,40.42,37.5,14.5,71.8,1.6,0.4,7.5,False,False,False,-7.07
2016,OR,2,24.01,42.1,13.5,80.3,0.6,1.8,0.9,True,False,False,10.07
2016,OR,3,39.86,37.3,11.2,71.4,5.0,0.6,6.9,False,False,False,-22.24
2016,OR,4,25.9,41.1,7.7,84.0,0.8,1.1,2.2,False,False,False,-1.71
2016,OR,5,29.89,38.9,16.4,75.6,0.9,0.9,2.5,False,False,False,-0.02
2016,PA,1,25.98,33.8,17.2,39.5,33.5,0.1,7.5,False,False,False,-29.4
2016,PA,2,35.629999999999995,34.3,6.2,29.3,56.4,0.3,5.0,False,False,False,-38.65
2016,PA,3,25.11,42.8,2.3,90.1,4.1,0.1,0.9,True,False,False,7.92
2016,PA,4,25.48,41.0,7.2,80.8,7.2,0.1,2.5,True,False,False,9.42
2016,PA,5,23.770000000000003,40.7,1.9,92.2,2.5,0.1,1.8,True,False,False,8.93
2016,PA,6,42.510000000000005,41.7,6.0,82.9,4.4,0.0,5.1,True,False,False,2.42
2016,PA,7,42.38,42.8,3.9,83.9,5.1,0.1,5.1,True,False,False,2.31
2016,PA,8,39.07,43.7,5.0,84.8,3.8,0.2,4.7,True,False,False,1.48
2016,PA,9,18.43,43.4,2.2,92.7,2.8,0.0,0.6,True,False,False,14.78
2016,PA,10,21.31,43.7,4.0,89.9,3.6,0.2,0.9,True,False,False,12.42
2016,PA,11,22.81,42.3,6.2,85.6,5.1,0.1,1.3,True,False,False,6.54
2016,PA,12,32.44,45.1,1.7,91.9,3.0,0.1,1.7,True,False,False,9.97
2016,PA,13,34.32,37.3,11.5,58.0,18.4,0.1,9.2,False,False,False,-13.99
2016,PA,14,32.910000000000004,38.6,2.2,69.8,20.9,0.1,3.4,False,False,False,-16.23
2016,PA,15,28.57,40.3,15.7,75.5,4.0,0.1,2.8,True,False,False,2.81
2016,PA,16,25.55,37.0,18.3,72.2,5.7,0.1,1.7,True,False,False,4.63
2016,PA,17,21.67,43.0,8.5,82.1,5.5,0.0,1.9,False,False,False,-4.11
2016,PA,18,35.36,44.1,1.4,92.6,2.1,0.1,1.9,True,False,False,10.24
2016,RI,1,32.71,38.8,16.3,68.5,7.4,0.3,3.6,False,False,False,-14.98
2016,RI,2,32.71,40.8,12.5,78.4,3.4,0.4,3.1,False,False,False,-8.61
2016,SC,1,39.6,38.3,6.2,70.3,19.5,0.2,1.8,True,False,False,11.03
2016,SC,2,33.46,38.4,5.4,67.0,23.3,0.1,1.9,True,False,False,15.34
2016,SC,3,19.81,41.1,5.2,74.1,17.8,0.2,0.6,True,False,False,17.65
2016,SC,4,30.15,37.7,7.7,68.5,19.0,0.2,2.5,True,False,False,15.2
2016,SC,5,23.14,39.8,3.7,65.3,28.0,0.3,1.1,True,False,False,8.34
2016,SC,6,19.15,35.4,5.0,34.5,57.2,0.2,1.0,False,False,False,-21.19
2016,SC,7,20.55,42.3,4.3,64.5,27.7,0.5,0.9,True,False,False,7.23
2016,SD,0,27.5,36.9,3.5,82.8,1.5,7.9,1.4,True,False,False,10.38
2016,TN,1,19.21,43.2,3.5,91.6,2.5,0.3,0.6,True,False,False,25.56
2016,TN,2,29.92,39.9,3.9,86.2,6.0,0.2,1.5,True,False,False,20.04
2016,TN,3,22.46,41.7,3.8,82.1,10.6,0.4,1.2,True,False,False,16.28
2016,TN,4,21.62,37.7,6.0,80.7,8.7,0.2,1.6,True,False,False,17.97
2016,TN,5,36.42,34.9,9.2,60.1,24.3,0.4,2.9,False,False,False,-4.76
2016,TN,6,21.55,40.9,4.1,88.5,4.3,0.3,0.8,True,False,False,21.44
2016,TN,7,28.39,37.4,4.9,80.5,10.2,0.2,2.0,True,False,False,18.18
2016,TN,8,28.48,40.2,2.7,72.7,20.5,0.3,2.0,True,False,False,18.85
2016,TN,9,23.25,33.9,7.2,24.3,64.7,0.1,1.9,False,False,False,-26.28
2016,TX,1,20.27,37.3,17.1,62.5,17.8,0.2,1.1,True,False,False,23.91
2016,TX,2,40.1,35.6,30.1,48.1,11.6,0.2,7.9,True,False,False,15.9
2016,TX,3,52.55,36.7,15.2,58.5,8.6,0.5,14.8,True,False,False,16.9
2016,TX,4,19.47,39.1,13.5,71.9,10.5,0.8,0.9,True,False,False,26.17
2016,TX,5,19.98,36.0,27.7,53.3,15.2,0.3,2.0,True,False,False,16.92
2016,TX,6,29.82,34.9,22.2,50.2,20.3,0.3,4.8,True,False,False,10.79
2016,TX,7,48.620000000000005,34.7,31.1,44.7,11.9,0.0,10.3,True,False,False,12.82
2016,TX,8,29.6,36.7,21.6,64.9,7.8,0.5,2.9,True,False,False,29.29
2016,TX,9,25.14,32.4,38.3,10.9,37.7,0.1,11.9,False,False,False,-25.73
2016,TX,10,38.29,35.8,28.9,52.5,10.9,0.2,5.7,True,False,False,11.89
2016,TX,11,20.99,35.3,38.3,55.5,3.5,0.2,1.1,True,False,False,31.69
2016,TX,12,30.14,35.8,21.9,63.4,8.2,0.3,3.9,True,False,False,19.33
2016,TX,13,20.55,36.2,26.5,63.8,5.0,0.6,2.1,True,False,False,32.71
2016,TX,14,24.200000000000003,37.1,24.3,51.4,19.5,0.2,2.6,True,False,False,11.81
2016,TX,15,18.67,30.7,80.6,15.9,1.9,0.0,1.0,False,False,False,-5.58
2016,TX,16,24.28,32.3,79.5,14.2,3.7,0.2,1.4,False,False,False,-12.64
2016,TX,17,30.65,32.5,24.8,55.5,12.9,0.2,5.0,True,False,False,13.21
2016,TX,18,21.01,32.3,42.7,16.2,36.0,0.2,3.9,False,False,False,-24.56
2016,TX,19,20.47,32.7,36.5,54.3,5.6,0.4,1.3,True,False,False,26.31
2016,TX,20,23.26,31.6,67.8,21.9,5.5,0.1,2.9,False,False,False,-7.14
2016,TX,21,44.55,38.1,28.5,61.7,3.9,0.2,3.7,True,False,False,12.61
2016,TX,22,44.71,35.3,25.0,41.3,13.2,0.3,18.0,True,False,False,14.78
2016,TX,23,21.1,33.1,69.7,24.7,2.9,0.3,1.5,True,False,False,3.33
2016,TX,24,44.650000000000006,35.6,24.6,48.4,9.9,0.3,13.5,True,False,False,13.2
2016,TX,25,37.04,36.9,17.6,69.5,6.7,0.3,2.6,True,False,False,12.56
2016,TX,26,41.55,34.5,17.7,65.3,8.0,0.3,6.4,True,False,False,20.16
2016,TX,27,19.29,35.9,52.5,40.0,4.8,0.2,1.5,True,False,False,13.26
2016,TX,28,18.39,31.9,78.2,15.9,3.6,0.1,1.1,False,False,False,-7.96
2016,TX,29,9.06,29.5,77.3,9.6,10.8,0.1,1.6,False,False,False,-13.25
2016,TX,30,20.0,32.8,39.1,14.9,43.1,0.1,1.6,False,False,False,-27.46
2016,TX,31,35.19,34.2,24.3,56.7,10.8,0.1,4.8,True,False,False,12.26
2016,TX,32,42.97,35.4,26.0,49.9,13.4,0.2,7.7,True,False,False,9.72
2016,TX,33,10.43,30.0,67.0,14.0,16.1,0.1,2.0,False,False,False,-19.37
2016,TX,34,14.57,32.2,83.0,14.7,1.2,0.1,0.6,False,False,False,-8.75
2016,TX,35,18.9,31.4,63.1,25.4,8.0,0.1,1.8,False,False,False,-12.02
2016,TX,36,18.22,36.9,23.5,62.7,9.4,0.3,2.0,True,False,False,25.44
2016,UT,1,28.74,30.3,12.9,81.3,1.0,0.9,1.3,True,False,False,29.11
2016,UT,2,31.200000000000003,32.7,15.3,76.7,1.1,0.7,2.9,True,False,False,20.0
2016,UT,3,39.56,27.5,10.2,82.4,0.5,1.6,2.1,True,False,False,29.84
2016,UT,4,28.63,31.2,16.1,75.3,1.7,0.7,2.7,True,False,False,18.59
2016,VT,0,36.95,43.1,1.7,93.4,1.2,0.4,1.4,False,False,False,-16.02
2016,VA,1,34.96,38.5,9.4,66.3,17.0,0.2,3.5,True,False,False,5.9
2016,VA,2,30.910000000000004,35.1,8.0,61.3,21.4,0.3,5.2,True,False,False,1.61
2016,VA,3,24.62,33.2,5.9,31.8,56.5,0.4,1.7,False,False,False,-27.2
2016,VA,4,27.3,38.5,5.4,58.4,31.0,0.3,2.2,False,False,False,3.11
2016,VA,5,26.47,42.6,3.4,73.2,19.5,0.1,1.8,True,False,False,5.33
2016,VA,6,26.22,39.9,5.2,79.6,10.8,0.2,1.8,True,False,False,11.68
2016,VA,7,41.15,39.9,6.4,70.7,15.1,0.3,5.0,True,False,False,9.68
2016,VA,8,59.63,35.5,20.0,51.5,13.1,0.1,11.8,False,False,False,-16.34
2016,VA,9,20.72,42.0,2.3,89.2,5.5,0.0,1.3,True,False,False,15.48
2016,VA,10,54.75,37.9,13.1,61.7,6.6,0.2,14.0,True,False,False,2.47
2016,VA,11,54.74,36.4,18.0,45.9,12.9,0.1,18.1,False,False,False,-10.72
2016,WA,1,43.13,39.3,9.2,74.7,1.1,1.0,10.1,False,False,False,-3.58
2016,WA,2,30.980000000000004,37.4,10.5,71.6,2.7,1.1,8.5,False,False,False,-8.71
2016,WA,3,24.27,39.9,9.4,80.7,1.3,0.8,3.2,True,False,False,2.54
2016,WA,4,20.58,33.8,38.4,54.5,0.8,2.1,1.3,True,False,False,13.29
2016,WA,5,28.22,37.6,6.3,84.0,1.5,1.4,2.3,True,False,False,6.81
2016,WA,6,28.82,42.5,7.2,77.7,3.2,1.9,3.9,False,False,False,-5.43
2016,WA,7,59.35,37.1,7.2,70.1,4.7,0.7,11.0,False,False,False,-29.08
2016,WA,8,33.300000000000004,37.4,11.1,71.2,2.9,0.8,9.2,True,False,False,1.2
2016,WA,9,41.29,36.5,12.7,47.2,10.7,0.4,22.1,False,False,False,-17.34
2016,WA,10,26.28,35.7,11.8,66.3,6.1,1.4,6.2,False,False,False,-5.52
2016,WV,1,22.54,41.4,1.3,93.5,2.4,0.1,1.0,True,False,False,14.55
2016,WV,2,21.5,42.3,2.0,90.4,4.7,0.1,0.8,True,False,False,12.2
2016,WV,3,14.55,42.8,1.0,93.1,4.2,0.2,0.5,True,False,False,16.46
2016,WI,1,26.86,41.2,9.8,80.5,5.5,0.4,2.2,True,False,False,3.65
2016,WI,2,40.04,36.3,6.1,82.8,4.3,0.4,4.1,False,False,False,-17.23
2016,WI,3,24.450000000000003,38.5,2.5,92.2,1.0,0.6,2.3,False,False,False,-4.36
2016,WI,4,27.15,32.9,16.9,43.1,33.1,0.4,3.7,False,False,False,-23.39
2016,WI,5,35.88,40.8,5.8,87.4,2.2,0.2,2.5,True,False,False,13.27
2016,WI,6,24.55,41.8,4.5,89.6,1.6,0.4,2.5,True,False,False,5.15
2016,WI,7,22.27,44.4,2.2,91.8,0.6,1.9,1.6,True,False,False,2.57
2016,WI,8,25.66,40.6,5.0,87.2,1.2,2.4,2.3,True,False,False,2.71
2016,WY,0,26.24,36.5,9.9,84.1,0.8,2.1,0.8,True,False,False,22.41
2018,AL,1,24.980000000000004,40.0,3.1,65.0,27.8,0.9,1.5,True,True,True,15.72
2018,AL,2,23.11,38.5,3.6,62.0,30.6,0.3,1.0,True,True,True,16.88
2018,AL,3,21.69,38.1,2.9,67.2,26.3,0.2,1.6,True,True,True,17.32
2018,AL,4,17.87,40.7,6.7,83.0,7.1,0.7,0.6,True,True,True,31.9
2018,AL,5,31.94,39.5,5.2,72.2,17.8,0.7,1.8,True,True,True,18.02
2018,AL,6,37.63,39.1,4.5,75.9,15.7,0.2,1.9,True,True,True,24.82
2018,AL,7,20.67,36.3,3.0,31.7,63.0,0.1,0.9,False,True,True,-20.17
2018,AK,0,28.8,34.5,7.0,60.6,2.9,14.2,6.6,True,True,True,9.44
2018,AZ,1,25.33,37.6,23.6,47.9,2.3,21.8,1.6,False,True,True,2.07
2018,AZ,2,35.42,41.4,28.9,60.5,3.7,1.1,3.2,False,True,True,-0.42
2018,AZ,3,16.76,31.8,63.0,25.7,3.9,3.7,1.7,False,True,True,-13.6
2018,AZ,4,19.26,48.1,19.2,74.0,1.5,1.4,1.4,True,True,True,21.74
2018,AZ,5,36.04,38.0,18.3,70.6,3.0,0.9,4.3,True,True,True,13.45
2018,AZ,6,44.44,42.3,16.6,71.7,2.3,1.7,5.2,True,True,True,7.9
2018,AZ,7,13.76,29.7,64.3,18.4,10.0,2.1,2.5,False,True,True,-23.93
2018,AZ,8,30.66,43.1,19.4,69.3,3.9,0.7,4.1,True,True,True,12.81
2018,AZ,9,39.66,33.5,27.4,56.0,6.2,2.2,4.9,False,True,True,-5.79
2018,AR,1,16.43,39.7,3.2,75.5,17.0,0.3,0.7,True,True,True,18.21
2018,AR,2,30.49,37.4,5.3,67.6,22.8,0.2,1.6,True,True,True,7.11
2018,AR,3,28.75,35.5,14.6,74.7,2.8,1.0,3.0,True,True,True,18.44
2018,AR,4,17.22,40.8,5.9,71.6,19.1,0.7,0.7,True,True,True,17.54
2018,CA,1,24.78,42.3,14.0,76.3,1.8,1.7,2.8,True,True,True,11.37
2018,CA,2,42.27,44.3,17.7,70.4,1.3,1.7,3.9,False,True,True,-22.7
2018,CA,3,25.08,35.2,30.3,46.6,5.9,0.8,11.4,False,True,True,-5.17
2018,CA,4,32.94,44.6,13.8,75.1,1.2,0.9,5.3,True,True,True,9.61
2018,CA,5,32.43,40.2,29.2,48.5,5.9,0.5,11.1,False,True,True,-22.12
2018,CA,6,28.4,34.4,27.6,36.5,12.5,0.3,15.6,False,True,True,-21.85
2018,CA,7,33.43,38.7,18.3,52.3,6.3,0.3,15.3,False,True,True,-3.79
2018,CA,8,15.89,34.2,43.0,42.9,6.6,0.9,3.3,True,True,True,9.13
2018,CA,9,21.29,35.0,38.1,33.9,8.6,0.2,14.0,False,True,True,-8.3
2018,CA,10,17.93,34.6,44.3,41.0,3.1,0.3,7.5,False,True,True,-0.33
2018,CA,11,44.15,39.7,27.7,44.9,7.4,0.1,14.0,False,True,True,-22.95
2018,CA,12,59.59,38.2,14.8,42.2,5.2,0.2,32.4,False,True,True,-38.58
2018,CA,13,48.17,36.8,22.3,34.3,16.2,0.3,20.5,False,True,True,-40.93
2018,CA,14,48.870000000000005,39.4,24.0,33.5,2.7,0.1,33.9,False,True,True,-28.29
2018,CA,15,45.92,38.5,22.5,31.7,5.5,0.3,34.8,False,True,True,-21.78
2018,CA,16,12.05,30.8,61.7,21.6,4.9,0.5,9.5,False,True,True,-9.71
2018,CA,17,56.39,36.8,15.0,22.2,3.0,0.2,55.2,False,True,True,-25.85
2018,CA,18,64.46,39.8,16.6,52.6,1.6,0.3,24.0,False,True,True,-25.03
2018,CA,19,36.49,36.7,39.6,25.5,2.3,0.2,28.7,False,True,True,-24.81
2018,CA,20,28.02,34.9,53.3,36.4,1.8,0.1,5.1,False,True,True,-23.32
2018,CA,21,8.26,30.0,75.4,15.7,3.4,0.2,3.5,False,True,True,-6.24
2018,CA,22,25.22,32.2,48.8,37.3,3.5,0.4,7.5,True,True,True,7.0
2018,CA,23,20.71,34.5,39.1,46.1,5.5,0.8,5.2,True,True,True,13.36
2018,CA,24,34.95,36.0,36.6,53.7,1.6,0.4,4.6,False,True,True,-8.22
2018,CA,25,27.590000000000003,35.8,39.7,40.4,7.1,0.7,8.7,False,True,True,-1.11
2018,CA,26,33.55,38.0,45.8,42.6,1.7,0.3,6.7,False,True,True,-8.71
2018,CA,27,43.19,41.2,27.8,24.8,4.0,0.3,40.1,False,True,True,-17.17
2018,CA,28,45.21,40.3,24.2,56.8,3.2,0.2,12.2,False,True,True,-24.09
2018,CA,29,19.78,35.3,68.1,19.7,3.6,0.1,7.1,False,True,True,-30.09
2018,CA,30,45.1,39.3,28.0,50.0,4.5,0.2,13.1,False,True,True,-20.11
2018,CA,31,25.13,33.0,53.5,25.0,10.5,0.3,7.8,False,True,True,-9.18
2018,CA,32,22.65,37.1,61.9,14.3,2.0,0.2,19.5,False,True,True,-18.33
2018,CA,33,63.92,41.2,13.3,63.8,3.1,0.1,14.7,False,True,True,-18.17
2018,CA,34,27.71,34.8,63.6,11.1,4.1,0.2,19.0,False,True,True,-36.51
2018,CA,35,15.93,32.6,69.7,14.0,6.1,0.2,7.6,False,True,True,-19.53
2018,CA,36,20.63,43.7,48.0,41.3,4.0,1.0,3.8,False,True,True,-2.51
2018,CA,37,38.95,35.5,39.3,24.5,22.9,0.1,9.9,False,True,True,-37.84
2018,CA,38,24.6,37.0,60.3,17.3,3.8,0.4,15.4,False,True,True,-18.47
2018,CA,39,41.71,38.4,35.4,28.4,2.2,0.1,31.3,False,True,True,-1.63
2018,CA,40,10.58,30.6,88.1,3.8,5.0,0.2,2.1,False,True,True,-34.36
2018,CA,41,17.44,30.7,62.8,20.2,8.7,0.2,5.8,False,True,True,-13.0
2018,CA,42,26.64,34.6,39.3,41.5,5.9,0.2,9.2,True,True,True,7.99
2018,CA,43,27.58,36.1,47.4,13.4,22.7,0.2,13.4,False,True,True,-30.41
2018,CA,44,13.31,32.3,71.6,6.5,14.0,0.2,5.8,False,True,True,-35.56
2018,CA,45,54.98,38.8,18.2,50.1,1.9,0.3,25.4,False,True,True,0.66
2018,CA,46,19.11,32.4,66.6,17.2,1.7,0.1,12.9,False,True,True,-17.19
2018,CA,47,33.06,37.5,34.9,31.4,6.9,0.3,23.6,False,True,True,-14.21
2018,CA,48,45.15,42.9,20.7,55.8,1.0,0.2,18.0,False,True,True,2.14
2018,CA,49,45.88,39.5,28.2,57.9,2.4,0.2,7.9,False,True,True,-0.82
2018,CA,50,29.42,37.3,33.6,55.0,2.2,0.8,4.9,True,True,True,10.22
2018,CA,51,14.8,32.5,70.9,12.8,6.7,0.4,7.1,False,True,True,-23.27
2018,CA,52,59.15,36.2,14.6,57.3,2.6,0.4,20.1,False,True,True,-8.53
2018,CA,53,38.58,35.2,32.0,40.5,7.6,0.1,14.3,False,True,True,-15.79
2018,CO,1,48.82,35.2,27.5,58.5,7.8,0.5,3.4,False,True,True,-22.42
2018,CO,2,56.440000000000005,38.1,10.7,82.5,1.0,0.4,3.1,False,True,True,-9.78
2018,CO,3,31.0,40.3,24.4,70.9,0.6,1.4,0.8,True,True,True,6.95
2018,CO,4,36.03,37.1,22.1,71.7,1.2,0.4,2.2,True,True,True,13.26
2018,CO,5,37.21,35.6,16.4,70.7,5.4,0.6,2.3,True,True,True,13.93
2018,CO,6,43.13,36.5,20.2,60.4,9.2,0.3,6.5,False,True,True,-2.98
2018,CO,7,34.56,36.1,29.4,62.9,1.8,0.5,3.4,False,True,True,-5.54
2018,CT,1,37.19,40.6,17.1,60.4,14.6,0.2,5.3,False,True,True,-11.22
2018,CT,2,34.99,42.6,8.5,81.5,3.5,0.4,3.3,False,True,True,-1.51
2018,CT,3,35.480000000000004,39.4,15.2,64.6,13.3,0.1,4.1,False,True,True,-8.03
2018,CT,4,49.17,40.0,20.8,60.2,10.7,0.2,5.7,False,True,True,-9.05
2018,CT,5,36.54,42.4,18.9,67.1,7.2,0.1,4.2,False,True,True,-1.32
2018,DE,0,31.48,40.1,9.3,62.2,21.5,0.2,4.0,False,True,True,-5.53
2018,FL,1,27.83,38.5,6.6,72.9,13.1,0.4,2.6,True,True,True,21.61
2018,FL,2,24.63,41.9,6.8,75.5,13.1,0.2,1.7,True,True,True,19.05
2018,FL,3,26.090000000000003,37.6,10.3,67.8,15.4,0.3,3.2,True,True,True,9.4
2018,FL,4,39.99,39.6,8.8,74.4,9.3,0.1,4.7,True,True,True,16.41
2018,FL,5,21.29,34.0,7.9,39.3,46.7,0.1,3.3,False,True,True,-12.03
2018,FL,6,23.74,47.9,12.8,73.5,9.9,0.3,1.9,True,True,True,8.69
2018,FL,7,41.48,36.5,25.9,57.5,9.2,0.1,4.5,False,True,True,-1.54
2018,FL,8,30.04,48.5,10.8,74.5,9.1,0.3,2.2,True,True,True,11.25
2018,FL,9,23.43,38.3,42.0,40.6,11.8,0.2,2.8,False,True,True,-5.14
2018,FL,10,30.24,35.0,27.9,35.6,27.1,0.1,5.3,False,True,True,-11.92
2018,FL,11,22.02,55.5,10.2,78.9,6.9,0.5,1.4,True,True,True,16.24
2018,FL,12,27.18,46.5,13.0,77.1,4.6,0.2,2.7,True,True,True,9.52
2018,FL,13,30.46,46.9,10.2,70.7,12.4,0.2,3.5,False,True,True,-1.28
2018,FL,14,36.400000000000006,37.1,30.6,45.5,16.5,0.3,4.7,False,True,True,-7.83
2018,FL,15,25.18,37.7,22.9,55.7,15.5,0.3,3.1,True,True,True,5.87
2018,FL,16,33.59,47.3,17.6,70.0,8.5,0.2,2.1,True,True,True,6.58
2018,FL,17,21.69,51.5,14.9,74.2,7.4,0.3,1.5,True,True,True,13.83
2018,FL,18,32.04,47.7,17.2,66.0,12.5,0.2,2.2,True,True,True,5.34
2018,FL,19,32.41,51.3,20.6,68.8,7.0,0.1,1.8,True,True,True,12.59
2018,FL,20,21.09,36.6,24.9,18.3,52.1,0.2,2.4,False,True,True,-30.57
2018,FL,21,35.21,46.1,24.1,55.1,16.4,0.1,2.7,False,True,True,-8.88
2018,FL,22,39.620000000000005,45.1,22.0,57.6,14.4,0.0,3.3,False,True,True,-6.38
2018,FL,23,40.57,41.0,37.9,39.6,14.8,0.2,4.2,False,True,True,-11.65
2018,FL,24,20.43,37.0,39.0,11.7,46.9,0.0,1.1,False,True,True,-33.33
2018,FL,25,24.09,42.7,75.3,19.0,3.8,0.2,1.4,True,True,True,3.28
2018,FL,26,27.540000000000003,38.7,72.3,15.8,8.4,0.0,2.5,False,True,True,-6.39
2018,FL,27,40.85,42.1,73.2,20.1,4.2,0.1,1.4,False,True,True,-7.1
2018,GA,1,25.18,35.6,6.9,59.0,28.9,0.5,1.6,True,True,True,8.94
2018,GA,2,17.169999999999998,36.0,5.4,39.4,51.9,0.1,1.1,False,True,True,-5.39
2018,GA,3,27.61,38.6,6.1,65.1,24.3,0.2,2.1,True,True,True,17.68
2018,GA,4,30.72,36.4,9.4,22.2,59.4,0.4,4.9,False,True,True,-25.12
2018,GA,5,40.95,33.0,6.6,28.3,57.6,0.1,4.5,False,True,True,-35.47
2018,GA,6,62.010000000000005,37.8,13.4,59.1,12.8,0.1,11.3,False,True,True,4.92
2018,GA,7,42.55,36.1,20.0,43.3,19.6,0.2,14.1,True,True,True,6.59
2018,GA,8,22.96,37.5,6.3,59.0,31.2,0.2,1.4,True,True,True,15.47
2018,GA,9,23.62,41.4,13.1,76.8,6.8,0.1,1.5,True,True,True,31.21
2018,GA,10,26.18,36.4,5.4,65.3,24.5,0.1,2.3,True,True,True,14.49
2018,GA,11,41.35,36.9,11.2,66.6,15.9,0.1,3.2,True,True,True,15.65
2018,GA,12,21.46,35.9,6.4,54.2,34.8,0.2,1.6,True,True,True,9.02
2018,GA,13,27.57,36.1,10.9,24.6,59.5,0.1,2.7,False,True,True,-20.7
2018,GA,14,17.11,37.8,11.8,76.1,9.2,0.1,0.9,True,True,True,27.84
2018,HI,1,35.6,39.7,8.3,15.7,1.7,0.1,49.7,False,True,True,-16.86
2018,HI,2,30.13,38.6,12.7,27.9,1.4,0.1,24.9,False,True,True,-17.5
2018,ID,1,25.38,38.2,10.6,83.6,0.6,1.2,1.2,True,True,True,21.67
2018,ID,2,28.35,34.2,14.4,80.2,0.7,1.0,1.5,True,True,True,16.3
2018,IL,1,27.56,38.7,10.9,35.3,50.0,0.1,2.0,False,True,True,-26.81
2018,IL,2,21.76,37.9,14.9,25.8,57.5,0.1,0.6,False,True,True,-29.24
2018,IL,3,30.03,37.7,32.1,57.0,4.6,0.1,5.1,False,True,True,-6.53
2018,IL,4,24.9,33.7,68.4,22.4,3.8,0.1,4.0,False,True,True,-33.95
2018,IL,5,55.04,35.6,19.4,67.5,2.8,0.1,7.5,False,True,True,-21.56
2018,IL,6,53.92,40.4,10.7,73.7,2.9,0.0,10.3,False,True,True,-0.39
2018,IL,7,43.34,34.6,15.4,30.7,45.3,0.1,6.3,False,True,True,-38.53
2018,IL,8,33.26,37.3,29.7,50.3,5.0,0.1,13.0,False,True,True,-9.41
2018,IL,9,54.43,40.2,12.7,62.8,8.7,0.1,12.4,False,True,True,-20.54
2018,IL,10,45.35,38.2,23.1,56.7,6.8,0.1,11.0,False,True,True,-12.4
2018,IL,11,35.33,36.9,27.7,51.0,10.9,0.1,8.0,False,True,True,-10.18
2018,IL,12,23.29,39.5,3.7,75.3,16.8,0.1,1.0,True,True,True,6.99
2018,IL,13,31.42,36.6,3.3,78.4,11.7,0.1,3.7,True,True,True,3.47
2018,IL,14,40.36,39.2,12.5,78.0,2.9,0.1,4.8,False,True,True,4.19
2018,IL,15,19.53,40.6,2.8,90.5,4.0,0.1,0.8,True,True,True,23.37
2018,IL,16,21.38,40.3,9.9,82.9,3.7,0.1,1.3,True,True,True,9.14
2018,IL,17,19.76,40.7,9.3,75.3,11.7,0.1,1.4,False,True,True,-0.53
2018,IL,18,33.59,40.5,2.9,88.3,3.9,0.2,3.0,True,True,True,15.27
2018,IN,1,23.79,39.2,15.8,62.5,18.2,0.2,1.4,False,True,True,-6.61
2018,IN,2,22.65,37.9,9.7,79.4,7.1,0.1,1.2,True,True,True,12.19
2018,IN,3,22.38,37.2,6.2,82.9,5.9,0.1,2.3,True,True,True,18.52
2018,IN,4,26.26,36.8,6.3,84.7,4.0,0.1,2.9,True,True,True,17.93
2018,IN,5,48.02,38.5,4.1,80.8,8.9,0.2,3.5,True,True,True,8.15
2018,IN,6,22.74,40.3,2.7,91.4,2.6,0.2,1.4,True,True,True,20.2
2018,IN,7,24.54,33.5,12.0,52.0,28.9,0.2,3.2,False,True,True,-11.18
2018,IN,8,22.29,39.1,2.3,90.4,4.0,0.1,1.2,True,True,True,16.96
2018,IN,9,26.660000000000004,38.0,3.4,88.8,2.9,0.1,2.4,True,True,True,14.02
2018,IA,1,27.61,39.1,4.0,88.0,3.9,0.3,1.7,False,True,True,1.01
2018,IA,2,29.78,38.2,5.5,85.3,3.9,0.2,2.8,False,True,True,1.31
2018,IA,3,32.86,37.1,7.0,83.0,4.0,0.2,3.4,False,True,True,2.2
2018,IA,4,25.06,39.2,7.1,87.4,1.4,0.4,2.3,True,True,True,13.22
2018,KS,1,25.74,35.4,16.0,76.6,2.6,0.5,1.6,True,True,True,24.77
2018,KS,2,29.94,37.9,6.7,82.3,4.4,1.1,1.7,True,True,True,10.41
2018,KS,3,47.53,36.7,12.1,71.8,8.5,0.3,4.9,False,True,True,2.05
2018,KS,4,30.19,36.7,12.6,73.2,6.4,0.5,3.4,True,True,True,15.54
2018,KY,1,16.32,40.3,2.8,87.3,7.2,0.2,0.7,True,True,True,24.56
2018,KY,2,19.83,38.4,3.6,86.7,5.3,0.2,1.3,True,True,True,20.64
2018,KY,3,32.5,37.9,5.5,67.0,22.0,0.1,3.0,False,True,True,-6.23
2018,KY,4,29.07,39.0,3.3,89.6,3.5,0.1,1.1,True,True,True,19.22
2018,KY,5,13.22,40.9,0.8,96.1,1.3,0.3,0.4,True,True,True,31.92
2018,KY,6,31.67,37.1,4.6,82.0,8.3,0.2,1.9,True,True,True,9.15
2018,LA,1,31.14,38.3,9.3,70.8,14.4,0.9,2.4,True,True,True,23.46
2018,LA,2,22.25,36.6,6.7,27.5,61.7,0.1,2.5,False,True,True,-25.66
2018,LA,3,21.96,36.1,4.0,67.2,24.6,0.2,1.6,True,True,True,20.43
2018,LA,4,19.5,37.1,4.0,58.1,33.8,0.8,0.9,True,True,True,13.03
2018,LA,5,18.24,37.5,2.4,59.4,35.8,0.3,0.9,True,True,True,15.58
2018,LA,6,28.75,35.6,4.5,67.9,23.0,0.5,2.4,True,True,True,18.91
2018,ME,1,38.2,44.0,1.9,92.7,1.6,0.3,1.6,False,True,True,-7.37
2018,ME,2,25.58,45.1,1.4,94.0,0.7,0.9,0.6,False,True,True,4.4
2018,MD,1,31.53,42.6,4.1,79.5,11.8,0.1,1.8,True,True,True,14.2
2018,MD,2,32.64,36.3,8.0,48.1,34.3,0.2,5.8,False,True,True,-10.48
2018,MD,3,48.260000000000005,37.3,8.6,55.7,23.1,0.2,8.8,False,True,True,-14.07
2018,MD,4,33.05,38.1,16.6,26.3,51.0,0.2,3.2,False,True,True,-28.02
2018,MD,5,35.760000000000005,38.2,9.7,44.5,37.9,0.3,4.0,False,True,True,-16.18
2018,MD,6,42.07,38.9,15.1,57.1,12.2,0.2,11.8,False,True,True,-6.27
2018,MD,7,38.02,38.9,3.5,33.9,52.3,0.2,7.4,False,True,True,-26.05
2018,MD,8,55.07,40.4,14.6,60.1,13.2,0.1,8.4,False,True,True,-15.21
2018,MA,1,29.5,40.8,18.2,71.7,5.7,0.1,2.4,False,True,True,-10.72
2018,MA,2,39.74,39.6,9.9,76.5,5.0,0.2,5.7,False,True,True,-8.97
2018,MA,3,37.96,39.1,20.1,66.4,2.6,0.1,8.4,False,True,True,-9.79
2018,MA,4,52.09,41.1,5.4,82.2,3.2,0.0,6.0,False,True,True,-10.31
2018,MA,5,57.620000000000005,38.1,9.2,69.9,5.5,0.1,12.3,False,True,True,-19.97
2018,MA,6,45.13,42.9,9.4,81.6,3.3,0.2,3.7,False,True,True,-7.15
2018,MA,7,44.9,31.7,22.5,40.4,23.4,0.2,10.4,False,True,True,-35.37
2018,MA,8,47.21,39.8,5.5,71.3,10.0,0.2,8.5,False,True,True,-11.12
2018,MA,9,35.65,46.1,5.6,86.1,3.1,0.2,1.2,False,True,True,-4.5
2018,MI,1,26.25,46.6,1.9,90.9,1.5,2.2,0.6,True,True,True,10.82
2018,MI,2,27.18,37.6,9.3,78.8,6.4,0.5,2.2,True,True,True,9.95
2018,MI,3,32.62,37.1,8.0,78.7,8.1,0.2,2.1,True,True,True,6.04
2018,MI,4,22.39,41.6,3.2,91.4,1.9,0.6,1.0,True,True,True,12.22
2018,MI,5,19.84,41.8,4.9,73.9,16.9,0.4,0.9,False,True,True,-3.18
2018,MI,6,28.05,38.7,6.3,80.4,7.8,0.4,1.6,True,True,True,4.85
2018,MI,7,24.08,42.3,4.7,87.5,4.1,0.4,1.0,True,True,True,8.5
2018,MI,8,41.53,38.4,5.2,81.5,5.5,0.2,4.4,False,True,True,4.39
2018,MI,9,30.42,40.3,2.5,75.9,14.2,0.3,4.7,False,True,True,-3.65
2018,MI,10,23.61,43.0,3.3,90.1,2.7,0.2,1.7,True,True,True,15.43
2018,MI,11,48.42,42.0,3.0,78.7,5.5,0.3,10.4,False,True,True,3.74
2018,MI,12,34.67,35.9,6.2,74.4,10.4,0.2,5.5,False,True,True,-13.27
2018,MI,13,16.11,36.4,8.4,33.8,53.6,0.3,1.6,False,True,True,-31.05
2018,MI,14,30.69,37.4,4.0,31.3,56.3,0.2,5.1,False,True,True,-29.95
2018,MN,1,29.43,38.3,6.3,85.8,3.1,0.2,2.7,True,True,True,7.25
2018,MN,2,39.24,37.5,6.3,80.6,5.1,0.3,4.9,False,True,True,1.81
2018,MN,3,49.81,40.4,3.7,77.9,8.2,0.2,7.1,False,True,True,-2.63
2018,MN,4,43.5,36.0,6.8,66.4,10.6,0.4,13.0,False,True,True,-14.73
2018,MN,5,47.01,33.8,9.9,62.3,16.6,0.9,6.7,False,True,True,-27.49
2018,MN,6,30.98,37.0,3.1,88.0,3.9,0.4,2.3,True,True,True,13.68
2018,MN,7,22.14,40.8,4.3,88.4,1.7,2.9,0.8,False,True,True,14.99
2018,MN,8,23.67,42.8,1.8,91.6,1.1,2.4,0.8,True,True,True,6.94
2018,MS,1,20.38,38.1,3.2,66.7,27.4,0.1,0.7,True,True,True,17.11
2018,MS,2,19.1,36.7,1.7,29.8,67.1,0.3,0.4,False,True,True,-13.66
2018,MS,3,25.81,37.5,2.2,59.1,35.6,1.1,1.0,True,True,True,13.33
2018,MS,4,21.95,37.4,4.2,68.4,23.9,0.2,1.4,True,True,True,21.73
2018,MO,1,31.9,36.0,3.6,40.5,49.3,0.3,3.5,False,True,True,-29.16
2018,MO,2,49.48,42.8,3.0,86.2,4.0,0.1,4.4,True,True,True,7.4
2018,MO,3,27.02,38.9,2.1,90.9,3.3,0.2,1.2,True,True,True,20.03
2018,MO,4,26.0,36.9,3.9,86.6,4.4,0.5,1.5,True,True,True,18.74
2018,MO,5,27.71,36.9,9.2,63.8,21.4,0.3,1.9,False,True,True,-7.02
2018,MO,6,27.64,38.6,4.1,86.9,4.2,0.3,1.7,True,True,True,16.94
2018,MO,7,25.04,37.9,5.3,87.8,1.8,0.9,1.3,True,True,True,24.1
2018,MO,8,16.34,40.9,2.2,90.6,4.5,0.3,0.8,True,True,True,26.75
2018,MT,0,32.31,40.0,3.7,86.3,0.4,5.9,0.7,True,True,True,11.42
2018,NE,1,31.9,35.6,9.3,81.8,2.7,1.0,2.8,True,True,True,11.92
2018,NE,2,39.98,34.9,11.6,72.1,9.3,0.3,3.7,True,True,True,3.15
2018,NE,3,22.54,39.9,12.0,83.8,1.2,0.7,0.6,True,True,True,28.43
2018,NV,1,15.71,36.5,46.3,28.7,11.5,0.8,8.3,False,True,True,-14.45
2018,NV,2,27.58,39.7,23.0,65.8,1.8,2.2,3.9,True,True,True,7.41
2018,NV,3,32.77,39.3,16.8,56.2,7.5,0.1,14.4,False,True,True,1.62
2018,NV,4,22.21,36.7,30.5,43.9,14.5,0.8,6.2,False,True,True,-2.01
2018,NH,1,37.75,42.0,3.5,90.9,1.4,0.1,2.4,False,True,True,1.75
2018,NH,2,36.13,44.3,4.1,89.8,1.3,0.1,2.9,False,True,True,-0.85
2018,NJ,1,32.76,39.4,14.1,61.8,16.1,0.1,5.5,False,True,True,-12.11
2018,NJ,2,28.03,42.2,16.5,64.9,12.2,0.3,4.0,False,True,True,2.09
2018,NJ,3,33.79,43.5,8.4,74.6,10.9,0.0,3.5,False,True,True,3.15
2018,NJ,4,41.92,40.7,10.8,76.4,6.4,0.0,4.7,True,True,True,8.26
2018,NJ,5,48.17,42.6,15.2,66.9,4.6,0.1,11.7,False,True,True,2.14
2018,NJ,6,41.71,37.7,22.5,46.1,9.2,0.2,20.0,False,True,True,-7.75
2018,NJ,7,52.44,43.1,12.0,70.5,4.7,0.0,10.7,False,True,True,1.67
2018,NJ,8,34.43,35.0,54.5,25.8,7.8,0.1,9.0,False,True,True,-26.84
2018,NJ,9,33.910000000000004,37.8,37.9,38.1,9.2,0.1,13.1,False,True,True,-15.41
2018,NJ,10,30.59,35.9,21.1,18.1,50.5,0.1,7.6,False,True,True,-35.99
2018,NJ,11,54.22,43.3,11.4,72.6,3.3,0.1,10.7,False,True,True,2.4
2018,NJ,12,44.69,39.5,18.5,46.3,16.6,0.1,16.7,False,True,True,-15.86
2018,NM,1,33.99,38.6,49.9,39.9,2.4,3.7,2.1,False,True,True,-7.88
2018,NM,2,19.47,35.6,55.3,36.1,1.8,4.6,0.6,False,True,True,6.46
2018,NM,3,27.04,38.4,41.1,36.2,1.3,18.0,1.3,False,True,True,-7.55
2018,NY,1,36.7,42.7,14.8,74.8,4.7,0.2,3.8,False,True,True,6.02
2018,NY,2,32.18,39.2,25.0,59.8,9.5,0.1,3.5,True,True,True,4.26
2018,NY,3,52.58,45.4,10.6,66.7,3.8,0.1,16.4,False,True,True,-1.39
2018,NY,4,41.75,40.6,21.3,55.6,14.0,0.2,7.0,False,True,True,-3.94
2018,NY,5,26.12,37.5,19.5,10.5,46.6,0.3,15.1,False,True,True,-36.53
2018,NY,6,34.14,40.9,20.4,33.1,3.3,0.3,40.5,False,True,True,-16.07
2018,NY,7,32.77,33.5,40.5,29.6,8.0,0.2,19.3,False,True,True,-38.06
2018,NY,8,32.62,36.1,19.1,24.2,49.4,0.1,5.1,False,True,True,-35.81
2018,NY,9,38.57,36.8,10.3,33.6,45.2,0.1,8.0,False,True,True,-34.11
2018,NY,10,61.45,37.0,12.8,61.8,4.0,0.1,18.7,False,True,True,-27.83
2018,NY,11,35.55,40.0,16.7,58.5,7.4,0.1,15.2,False,True,True,4.56
2018,NY,12,74.09,35.7,14.7,63.8,4.5,0.1,14.1,False,True,True,-32.76
2018,NY,13,31.6,34.9,54.8,14.3,23.3,0.3,5.1,False,True,True,-43.35
2018,NY,14,26.74,38.8,47.7,23.7,9.2,0.0,17.5,False,True,True,-28.83
2018,NY,15,13.72,31.4,66.6,2.5,27.8,0.2,1.7,False,True,True,-44.2
2018,NY,16,39.56,40.5,25.2,35.8,31.2,0.1,5.2,False,True,True,-24.98
2018,NY,17,45.9,38.8,23.0,59.0,9.7,0.1,5.9,False,True,True,-8.38
2018,NY,18,36.5,39.5,17.2,67.9,8.5,0.2,3.2,False,True,True,1.59
2018,NY,19,29.590000000000003,44.9,7.7,83.8,4.3,0.1,1.8,False,True,True,3.24
2018,NY,20,38.16,39.3,6.5,75.7,9.1,0.1,5.3,False,True,True,-6.63
2018,NY,21,24.13,40.6,3.5,89.9,3.2,0.7,0.9,True,True,True,6.08
2018,NY,22,24.36,41.1,3.9,87.3,4.0,0.2,3.0,False,True,True,7.56
2018,NY,23,26.47,40.5,4.1,87.8,2.7,0.4,2.7,True,True,True,7.4
2018,NY,24,30.88,40.0,4.5,81.3,8.2,0.2,3.0,False,True,True,-2.16
2018,NY,25,37.14,38.9,9.1,69.4,14.8,0.1,4.0,False,True,True,-7.63
2018,NY,26,32.21,38.2,6.5,68.4,17.6,0.4,4.5,False,True,True,-10.15
2018,NY,27,30.43,44.2,2.8,91.7,2.6,0.7,0.7,False,True,True,12.57
2018,NC,1,28.840000000000003,38.0,8.1,43.2,43.3,0.7,2.2,False,True,True,-17.7
2018,NC,2,35.36,38.7,9.6,65.9,19.3,0.5,1.6,True,True,True,7.23
2018,NC,3,24.34,37.0,8.2,66.6,20.4,0.2,1.6,True,True,True,12.83
2018,NC,4,54.66,34.9,10.8,55.3,21.9,0.2,9.2,False,True,True,-18.36
2018,NC,5,27.270000000000003,40.8,9.8,72.2,14.2,0.3,1.8,True,True,True,9.91
2018,NC,6,24.700000000000003,41.1,10.7,65.0,20.1,0.4,2.1,True,True,True,8.59
2018,NC,7,26.74,41.7,9.8,67.7,18.5,0.7,0.8,True,True,True,9.89
2018,NC,8,27.6,36.2,10.5,59.4,23.1,1.0,2.5,True,True,True,8.38
2018,NC,9,34.22,39.1,8.6,60.5,18.0,7.5,3.0,True,True,True,7.5
2018,NC,10,24.11,41.9,6.6,76.9,11.9,0.2,1.8,True,True,True,12.98
2018,NC,11,26.69,45.5,5.9,86.4,3.4,1.6,1.1,True,True,True,15.34
2018,NC,12,41.2,34.1,14.7,39.1,37.3,0.2,5.5,False,True,True,-18.91
2018,NC,13,28.76,39.5,7.5,64.8,22.0,0.5,3.0,True,True,True,5.77
2018,ND,0,30.74,35.4,3.5,84.4,3.0,5.4,1.7,True,True,True,18.71
2018,OH,1,35.14,36.8,3.3,68.9,21.3,0.1,3.7,True,True,True,4.71
2018,OH,2,31.21,40.1,2.0,84.8,8.8,0.2,1.5,True,True,True,9.05
2018,OH,3,27.39,32.6,7.0,50.0,34.1,0.1,4.6,False,True,True,-19.1
2018,OH,4,19.08,40.8,3.8,87.4,5.0,0.2,0.8,True,True,True,16.38
2018,OH,5,26.94,39.5,5.4,88.3,2.7,0.2,1.2,True,True,True,12.56
2018,OH,6,15.97,43.5,1.0,94.3,2.4,0.2,0.3,True,True,True,19.56
2018,OH,7,19.51,41.2,1.9,91.1,3.8,0.1,0.7,True,True,True,14.22
2018,OH,8,24.79,38.7,3.5,85.6,5.9,0.2,2.1,True,True,True,18.08
2018,OH,9,22.07,38.0,11.4,67.1,15.7,0.2,1.7,False,True,True,-12.07
2018,OH,10,30.29,39.0,2.9,74.3,16.5,0.2,2.4,True,True,True,4.43
2018,OH,11,27.2,39.0,4.6,37.1,53.0,0.1,2.6,False,True,True,-31.54
2018,OH,12,41.26,38.3,2.2,85.1,4.8,0.1,4.8,True,True,True,7.18
2018,OH,13,23.1,40.6,3.2,80.1,11.5,0.2,1.6,False,True,True,-4.65
2018,OH,14,35.260000000000005,43.7,2.9,88.2,5.1,0.1,2.3,True,True,True,6.25
2018,OH,15,32.17,37.7,2.4,89.2,3.9,0.1,2.1,True,True,True,8.22
2018,OH,16,34.160000000000004,43.3,2.4,91.2,1.8,0.1,2.2,True,True,True,8.9
2018,OK,1,30.35,36.2,11.4,63.9,8.6,6.2,2.9,True,True,True,16.73
2018,OK,2,16.759999999999998,40.3,5.3,63.9,3.2,16.7,0.8,True,True,True,25.4
2018,OK,3,22.24,36.6,10.1,73.9,3.5,5.8,1.2,True,True,True,28.26
2018,OK,4,26.35,35.8,8.8,69.9,6.6,5.0,2.3,True,True,True,20.41
2018,OK,5,31.35,34.8,17.0,56.6,13.5,3.7,3.3,False,True,True,9.14
2018,OR,1,42.400000000000006,37.8,15.1,70.4,1.7,0.4,8.0,False,True,True,-10.2
2018,OR,2,24.97,42.3,14.0,79.3,0.6,1.9,1.1,True,True,True,11.53
2018,OR,3,41.68,37.5,11.3,70.5,5.0,0.8,7.2,False,True,True,-24.22
2018,OR,4,27.31,41.1,8.0,83.6,0.7,0.7,2.5,False,True,True,0.39
2018,OR,5,31.52,39.3,16.7,74.7,0.9,0.8,2.8,False,True,True,-0.83
2018,RI,1,32.980000000000004,38.5,18.2,66.8,6.9,0.3,3.6,False,True,True,-12.97
2018,RI,2,33.94,40.5,12.5,77.6,3.9,0.3,3.6,False,True,True,-4.16
2018,SC,1,39.96,39.5,6.1,70.3,19.1,0.2,1.7,False,True,True,8.73
2018,SC,2,33.74,38.7,6.0,66.0,23.6,0.3,2.0,True,True,True,11.9
2018,SC,3,22.04,40.6,5.3,73.5,18.6,0.2,0.8,True,True,True,20.07
2018,SC,4,31.6,38.2,8.2,68.2,17.6,0.1,2.5,True,True,True,14.82
2018,SC,5,25.13,40.1,4.3,66.0,26.1,0.3,1.2,True,True,True,10.05
2018,SC,6,19.23,36.0,5.4,35.4,56.3,0.2,1.2,False,True,True,-19.11
2018,SC,7,21.91,42.9,4.3,64.0,28.5,0.4,1.0,True,True,True,9.83
2018,SD,0,28.15,36.9,3.6,82.3,1.9,8.6,1.2,True,True,True,15.61
2018,TN,1,19.93,43.7,3.7,91.2,2.6,0.2,0.8,True,True,True,29.49
2018,TN,2,30.76,39.7,4.2,85.7,6.2,0.2,1.8,True,True,True,19.96
2018,TN,3,24.48,41.8,4.0,81.7,10.6,0.2,1.5,True,True,True,18.75
2018,TN,4,25.11,37.5,6.7,79.5,9.4,0.1,1.8,True,True,True,21.46
2018,TN,5,38.88,34.9,9.4,60.1,23.9,0.2,3.2,False,True,True,-7.64
2018,TN,6,22.29,40.7,4.5,88.1,4.4,0.4,1.0,True,True,True,25.41
2018,TN,7,30.36,37.6,4.9,80.3,9.7,0.1,2.0,True,True,True,20.87
2018,TN,8,29.08,40.6,3.4,72.3,19.7,0.2,2.0,True,True,True,19.34
2018,TN,9,24.62,33.7,7.3,22.9,66.3,0.1,1.6,False,True,True,-28.21
2018,TX,1,20.84,37.2,17.9,61.5,17.4,0.2,1.3,True,True,True,24.94
2018,TX,2,41.32,36.1,32.1,45.2,11.7,0.2,7.9,True,True,True,8.46
2018,TX,3,53.96,37.3,15.0,56.5,9.8,0.3,15.7,True,True,True,10.72
2018,TX,4,23.2,38.5,14.4,71.3,10.1,0.8,1.1,True,True,True,28.24
2018,TX,5,19.48,36.1,29.3,52.2,14.1,0.4,2.5,True,True,True,16.12
2018,TX,6,29.1,35.3,23.5,47.3,21.1,0.3,4.4,True,True,True,8.28
2018,TX,7,48.87,34.5,30.4,41.8,14.1,0.4,11.1,False,True,True,3.5
2018,TX,8,30.6,37.1,22.8,63.2,9.0,0.2,3.1,True,True,True,27.27
2018,TX,9,25.51,32.9,40.8,10.1,36.1,0.1,11.5,False,True,True,-29.45
2018,TX,10,40.19,35.2,29.1,52.0,10.2,0.2,6.3,True,True,True,7.52
2018,TX,11,20.78,35.2,39.1,55.0,3.6,0.3,0.9,True,True,True,31.6
2018,TX,12,31.590000000000003,35.1,23.7,61.5,8.5,0.4,3.3,True,True,True,17.63
2018,TX,13,20.22,36.2,27.2,62.9,5.3,0.4,1.7,True,True,True,33.57
2018,TX,14,24.32,36.9,26.0,49.3,19.4,0.2,3.3,True,True,True,11.5
2018,TX,15,19.22,31.2,82.3,14.4,1.7,0.1,1.0,False,True,True,-7.16
2018,TX,16,24.57,32.8,81.0,13.1,3.3,0.3,1.3,False,True,True,-18.5
2018,TX,17,30.380000000000003,33.2,26.2,54.1,12.6,0.2,4.8,True,True,True,11.1
2018,TX,18,22.54,32.4,44.1,16.1,34.1,0.1,4.2,False,True,True,-27.39
2018,TX,19,22.89,33.1,36.9,53.8,6.0,0.4,1.5,True,True,True,26.64
2018,TX,20,24.57,32.0,69.7,20.9,4.7,0.2,2.6,False,True,True,-11.62
2018,TX,21,46.57,37.8,30.3,60.5,3.3,0.1,3.6,True,True,True,8.07
2018,TX,22,47.11,36.0,25.5,40.2,13.0,0.1,19.2,True,True,True,7.62
2018,TX,23,22.38,33.3,70.3,23.2,3.3,0.6,1.3,True,True,True,0.3
2018,TX,24,46.31,35.8,24.5,45.6,12.3,0.4,14.1,True,True,True,6.64
2018,TX,25,39.35,36.4,18.3,68.6,6.4,0.3,3.2,True,True,True,10.0
2018,TX,26,45.35,35.5,17.8,63.7,7.6,0.3,7.7,True,True,True,16.46
2018,TX,27,20.49,37.1,53.0,39.0,5.1,0.2,1.6,True,True,True,13.3
2018,TX,28,18.21,31.7,77.3,15.7,4.3,0.1,1.5,False,True,True,-9.11
2018,TX,29,10.77,30.5,77.5,9.1,11.4,0.1,1.4,False,True,True,-20.57
2018,TX,30,20.79,32.8,38.2,14.9,42.5,0.1,2.4,False,True,True,-29.65
2018,TX,31,36.13,34.8,24.7,55.5,10.8,0.2,5.1,True,True,True,9.12
2018,TX,32,43.18,36.4,25.5,48.6,14.7,0.2,8.3,False,True,True,2.56
2018,TX,33,9.93,30.0,69.3,12.8,14.8,0.2,2.1,False,True,True,-23.41
2018,TX,34,16.14,32.0,85.0,13.0,1.0,0.1,0.6,False,True,True,-9.84
2018,TX,35,23.17,32.5,60.1,26.2,9.7,0.1,1.8,False,True,True,-15.63
2018,TX,36,17.6,37.8,24.8,62.1,9.3,0.7,1.9,True,True,True,25.36
2018,UT,1,31.47,31.0,12.6,81.5,1.0,0.9,1.5,True,True,True,22.84
2018,UT,2,33.07,32.7,15.7,76.3,1.1,0.9,2.5,True,True,True,13.07
2018,UT,3,42.25,28.4,10.8,83.0,0.4,1.3,2.0,True,True,True,21.57
2018,UT,4,32.36,31.5,16.8,72.7,2.0,0.8,3.5,False,True,True,9.59
2018,VT,0,38.29,42.6,1.9,92.8,1.2,0.3,1.8,False,True,True,-14.63
2018,WA,1,43.22,38.3,8.8,72.4,1.3,1.1,11.5,False,True,True,-6.74
2018,WA,2,32.51,38.7,11.2,70.8,3.0,0.9,8.3,False,True,True,-10.43
2018,WA,3,27.11,39.9,9.7,80.1,1.4,0.6,3.6,True,True,True,4.54
2018,WA,4,20.62,34.1,39.2,53.5,0.9,2.3,1.7,True,True,True,13.34
2018,WA,5,29.79,37.9,6.8,83.3,1.3,1.4,2.3,True,True,True,7.94
2018,WA,6,30.09,41.5,7.7,76.6,3.3,1.8,4.4,False,True,True,-5.68
2018,WA,7,60.52,36.9,7.7,69.1,4.1,0.3,12.6,False,True,True,-34.3
2018,WA,8,34.04,37.6,12.1,69.4,2.4,0.7,9.6,False,True,True,-0.1
2018,WA,9,43.02,36.9,12.4,45.7,11.1,0.3,22.9,False,True,True,-22.44
2018,WA,10,28.16,36.1,11.7,66.0,6.1,0.9,6.4,False,True,True,-5.28
2018,WV,1,23.130000000000003,41.2,1.1,93.2,2.7,0.2,0.9,True,True,True,21.27
2018,WV,2,21.12,42.5,1.8,90.1,4.8,0.1,1.0,True,True,True,18.5
2018,WV,3,16.21,43.2,0.8,92.7,4.3,0.1,0.4,True,True,True,24.73
2018,WI,1,29.79,40.6,10.2,80.1,5.5,0.2,1.5,True,True,True,5.96
2018,WI,2,42.35,36.4,6.7,81.3,4.4,0.4,4.6,False,True,True,-18.03
2018,WI,3,25.97,38.7,2.7,91.7,1.2,0.5,2.0,False,True,True,1.72
2018,WI,4,27.61,33.2,17.5,41.8,33.2,0.4,4.2,False,True,True,-25.6
2018,WI,5,38.24,41.6,5.8,86.7,2.4,0.2,3.0,True,True,True,12.27
2018,WI,6,26.76,42.1,4.6,89.1,1.7,0.3,2.5,True,True,True,8.93
2018,WI,7,23.76,44.4,2.3,91.5,0.7,1.9,1.7,True,True,True,9.78
2018,WI,8,27.8,40.5,5.4,86.7,1.5,2.2,2.3,True,True,True,8.75
2018,WY,0,27.62,37.5,10.0,84.0,0.9,2.1,0.8,True,True,True,25.9
2020,AL,1,24.97,40.4,3.3,65.0,27.2,0.9,1.4,True,True,False,15.72
2020,AL,2,23.51,39.0,3.9,60.4,32.1,0.2,1.3,True,True,False,16.88
2020,AL,3,23.950000000000003,38.9,2.9,67.0,26.1,0.3,1.8,True,True,False,17.32
2020,AL,4,17.54,41.1,6.9,82.9,7.4,0.4,0.5,True,True,False,31.9
2020,AL,5,33.45,39.7,5.5,71.8,18.1,0.5,1.7,True,True,False,18.02
2020,AL,6,38.46,39.9,5.1,75.7,15.9,0.2,1.6,True,True,False,24.82
2020,AL,7,21.57,36.8,3.7,31.2,62.5,0.1,1.2,False,True,False,-20.17
2020,AK,0,30.200000000000003,35.0,7.2,59.8,3.0,15.5,5.9,True,True,False,9.44
2020,AZ,1,25.18,39.0,23.0,48.3,2.6,22.1,1.5,False,True,False,2.07
2020,AZ,2,35.32,41.5,29.4,60.0,3.9,0.8,2.8,False,True,False,-0.42
2020,AZ,3,16.58,32.1,65.1,24.7,3.9,3.0,1.7,False,True,False,-13.6
2020,AZ,4,20.96,48.7,20.5,72.6,1.6,1.9,1.0,True,True,False,21.74
2020,AZ,5,38.25,39.3,16.6,70.4,3.8,1.0,5.2,True,True,False,13.45
2020,AZ,6,43.55,43.2,17.9,68.8,2.9,1.8,5.6,True,True,False,7.9
2020,AZ,7,15.84,30.6,64.0,20.2,9.0,2.0,2.4,False,True,False,-23.93
2020,AZ,8,31.52,42.9,21.6,66.4,4.7,1.0,3.6,True,True,False,12.81
2020,AZ,9,41.370000000000005,33.3,26.6,55.2,6.7,2.9,5.2,False,True,False,-5.79
2020,AR,1,16.19,40.1,3.4,75.4,17.5,0.3,0.5,True,True,False,18.21
2020,AR,2,29.52,38.0,5.4,67.3,23.1,0.3,1.6,True,True,False,7.11
2020,AR,3,29.04,36.2,14.9,74.0,3.0,1.0,3.0,True,True,False,18.44
2020,AR,4,17.71,41.4,6.0,71.3,19.4,0.5,0.7,True,True,False,17.54
2020,CA,1,25.81,41.1,15.3,74.7,1.4,1.3,2.9,True,True,False,11.37
2020,CA,2,42.67,44.9,18.2,70.1,1.7,2.0,3.9,False,True,False,-22.7
2020,CA,3,27.23,35.5,30.2,45.9,6.2,0.9,11.0,False,True,False,-5.17
2020,CA,4,35.22,44.9,13.1,74.9,1.6,0.9,5.9,True,True,False,9.61
2020,CA,5,33.28,41.5,28.9,49.2,6.3,0.2,11.5,False,True,False,-22.12
2020,CA,6,29.63,33.9,29.9,35.7,11.4,0.4,15.0,False,True,False,-21.85
2020,CA,7,33.739999999999995,39.1,17.4,50.9,7.1,0.3,17.4,False,True,False,-3.79
2020,CA,8,17.34,33.4,44.8,40.7,7.8,0.9,2.3,True,True,False,9.13
2020,CA,9,22.51,35.7,38.4,31.6,9.3,0.3,15.9,False,True,False,-8.3
2020,CA,10,18.04,34.8,45.1,39.9,3.4,0.3,7.2,False,True,False,-0.33
2020,CA,11,44.78,39.8,29.1,43.8,7.1,0.2,14.6,False,True,False,-22.95
2020,CA,12,60.89,38.0,15.2,41.5,5.5,0.3,32.4,False,True,False,-38.58
2020,CA,13,53.79,37.0,22.3,34.3,17.1,0.3,20.5,False,True,False,-40.93
2020,CA,14,49.52,40.1,23.1,32.8,2.4,0.2,35.9,False,True,False,-28.29
2020,CA,15,48.03,39.2,21.5,30.5,4.7,0.3,36.9,False,True,False,-21.78
2020,CA,16,13.25,31.0,62.1,20.9,5.1,0.5,9.0,False,True,False,-9.71
2020,CA,17,60.16,36.7,16.1,21.1,2.2,0.4,55.5,False,True,False,-25.85
2020,CA,18,65.78999999999999,39.7,15.8,52.8,2.3,0.1,24.3,False,True,False,-25.03
2020,CA,19,37.14,37.4,39.0,23.7,2.5,0.1,30.8,False,True,False,-24.81
2020,CA,20,29.71,35.6,54.1,35.3,1.9,0.2,5.5,False,True,False,-23.32
2020,CA,21,10.66,29.8,75.3,16.7,2.7,0.7,2.9,True,True,False,-6.24
2020,CA,22,24.55,33.0,50.6,35.7,2.7,0.4,8.1,True,True,False,7.0
2020,CA,23,22.11,35.1,40.7,44.3,6.4,0.5,4.9,True,True,False,13.36
2020,CA,24,35.71,36.5,37.0,53.2,1.9,0.5,4.9,False,True,False,-8.22
2020,CA,25,28.23,37.2,40.0,38.1,9.6,0.6,8.5,True,True,False,-1.11
2020,CA,26,35.18,38.4,46.2,42.4,1.9,0.2,6.5,False,True,False,-8.71
2020,CA,27,45.86,41.5,27.8,25.8,3.8,0.2,39.1,False,True,False,-17.17
2020,CA,28,48.09,40.0,23.9,54.1,2.6,0.3,14.9,False,True,False,-24.09
2020,CA,29,22.3,35.1,67.0,19.8,3.8,0.2,7.2,False,True,False,-30.09
2020,CA,30,45.24,40.5,29.3,50.1,4.1,0.1,12.3,False,True,False,-20.11
2020,CA,31,25.91,34.2,53.5,24.7,10.5,0.1,8.2,False,True,False,-9.18
2020,CA,32,22.33,38.9,61.0,15.2,2.5,0.3,19.0,False,True,False,-18.33
2020,CA,33,66.55,41.2,13.5,62.7,3.0,0.1,16.1,False,True,False,-18.17
2020,CA,34,30.26,35.0,59.8,12.8,4.7,0.3,20.1,False,True,False,-36.51
2020,CA,35,18.25,33.3,71.2,13.7,5.0,0.5,7.3,False,True,False,-19.53
2020,CA,36,24.200000000000003,43.1,48.8,40.5,4.5,0.7,3.7,False,True,False,-2.51
2020,CA,37,40.24,35.7,40.0,25.7,21.4,0.2,9.1,False,True,False,-37.84
2020,CA,38,24.84,38.0,61.5,15.1,4.6,0.4,15.9,False,True,False,-18.47
2020,CA,39,43.05,40.5,32.9,30.4,1.7,0.1,32.4,True,True,False,-1.63
2020,CA,40,10.06,31.2,89.2,3.2,4.6,0.1,1.9,False,True,False,-34.36
2020,CA,41,17.59,31.5,62.7,19.9,8.7,0.3,6.4,False,True,False,-13.0
2020,CA,42,26.52,35.6,41.7,39.2,5.5,0.3,9.1,True,True,False,7.99
2020,CA,43,29.73,35.4,49.7,14.8,19.4,0.3,11.8,False,True,False,-30.41
2020,CA,44,14.87,33.5,71.4,6.0,14.2,0.1,5.8,False,True,False,-35.56
2020,CA,45,56.55,39.3,18.2,49.5,1.7,0.2,26.1,False,True,False,0.66
2020,CA,46,21.12,33.8,67.0,15.3,1.9,0.1,13.7,False,True,False,-17.19
2020,CA,47,34.15,38.2,36.0,30.4,6.6,0.2,23.2,False,True,False,-14.21
2020,CA,48,44.59,41.0,21.5,53.2,1.3,0.2,19.5,True,True,False,2.14
2020,CA,49,47.16,39.0,27.8,58.2,2.2,0.5,6.7,False,True,False,-0.82
2020,CA,50,30.85,37.6,32.2,54.5,2.5,0.8,5.7,True,True,False,10.22
2020,CA,51,15.72,33.7,71.3,12.7,6.2,0.4,7.4,False,True,False,-23.27
2020,CA,52,60.99,36.8,14.4,57.0,2.9,0.2,20.6,False,True,False,-8.53
2020,CA,53,40.510000000000005,35.8,33.8,39.3,7.9,0.2,14.5,False,True,False,-15.79
2020,CO,1,52.120000000000005,35.3,27.1,58.1,7.6,0.4,3.4,False,True,False,-22.42
2020,CO,2,56.900000000000006,38.0,11.0,81.4,1.0,0.5,3.5,False,True,False,-9.78
2020,CO,3,32.980000000000004,40.6,25.0,70.2,0.7,1.1,1.1,True,True,False,6.95
2020,CO,4,37.2,38.0,22.4,71.1,1.5,0.5,2.2,True,True,False,13.26
2020,CO,5,37.76,36.3,16.7,70.3,5.4,0.5,2.6,True,True,False,13.93
2020,CO,6,44.03,36.7,21.0,59.6,9.4,0.4,6.1,False,True,False,-2.98
2020,CO,7,36.22,36.3,29.7,62.2,1.7,0.6,3.3,False,True,False,-5.54
2020,CT,1,38.56,40.9,17.2,59.6,14.7,0.3,5.6,False,True,False,-11.22
2020,CT,2,35.84,42.3,9.0,80.7,3.8,0.3,3.7,False,True,False,-1.51
2020,CT,3,36.07,41.3,16.7,63.1,13.6,0.1,4.2,False,True,False,-8.03
2020,CT,4,52.6,40.0,20.8,59.8,11.3,0.0,5.5,False,True,False,-9.05
2020,CT,5,36.15,41.9,20.3,65.3,7.0,0.1,4.2,False,True,False,-1.32
2020,DE,0,33.2,41.4,9.6,61.3,22.0,0.3,3.7,False,True,False,-5.53
2020,FL,1,26.950000000000003,38.8,6.9,72.7,12.7,0.3,2.3,True,True,False,21.61
2020,FL,2,24.64,42.7,6.6,75.9,12.5,0.2,2.0,True,True,False,19.05
2020,FL,3,30.05,37.9,11.4,65.9,16.0,0.3,3.3,True,True,False,9.4
2020,FL,4,41.9,39.3,8.7,73.2,9.6,0.3,4.6,True,True,False,16.41
2020,FL,5,20.37,34.7,9.7,38.7,46.4,0.3,2.3,False,True,False,-12.03
2020,FL,6,24.79,48.2,13.4,71.8,10.6,0.2,1.8,True,True,False,8.69
2020,FL,7,41.120000000000005,36.9,26.7,54.8,10.4,0.2,5.1,False,True,False,-1.54
2020,FL,8,30.49,48.3,11.8,73.4,8.7,0.2,2.2,True,True,False,11.25
2020,FL,9,25.65,38.0,44.0,39.2,11.4,0.2,2.9,False,True,False,-5.14
2020,FL,10,32.57,36.1,28.5,34.4,28.1,0.1,5.2,False,True,False,-11.92
2020,FL,11,23.45,56.0,11.8,77.1,7.2,0.4,1.4,True,True,False,16.24
2020,FL,12,28.37,46.5,14.0,75.0,5.2,0.2,3.0,True,True,False,9.52
2020,FL,13,33.01,47.8,10.8,70.8,11.7,0.2,3.4,False,True,False,-1.28
2020,FL,14,38.47,36.4,32.9,42.9,17.0,0.1,4.3,False,True,False,-7.83
2020,FL,15,25.76,39.4,23.8,56.7,13.3,0.4,3.1,True,True,False,5.87
2020,FL,16,33.1,48.3,17.7,68.6,9.3,0.2,2.2,True,True,False,6.58
2020,FL,17,22.97,52.7,16.8,72.6,7.3,0.3,1.3,True,True,False,13.83
2020,FL,18,32.31,48.1,17.5,65.2,12.0,0.2,2.3,True,True,False,5.34
2020,FL,19,33.81,52.0,20.5,68.7,7.5,0.1,1.9,True,True,False,12.59
2020,FL,20,20.84,36.9,26.8,16.4,51.8,0.1,2.5,False,True,False,-30.57
2020,FL,21,37.07,47.0,25.4,53.8,15.6,0.1,2.7,False,True,False,-8.88
2020,FL,22,41.6,45.8,23.2,56.4,14.4,0.1,3.4,False,True,False,-6.38
2020,FL,23,40.65,41.8,40.1,37.8,14.3,0.3,4.8,False,True,False,-11.65
2020,FL,24,20.36,37.3,42.4,10.2,44.7,0.2,1.1,False,True,False,-33.33
2020,FL,25,26.88,42.8,76.0,19.1,3.4,0.1,1.1,True,True,False,3.28
2020,FL,26,28.51,40.3,72.4,15.3,10.0,0.0,1.3,True,True,False,-6.39
2020,FL,27,41.12,42.1,70.8,21.2,4.6,0.0,2.3,True,True,False,-7.1
2020,GA,1,26.29,36.6,7.0,58.3,30.4,0.3,1.7,True,True,False,8.94
2020,GA,2,18.43,37.3,5.2,39.3,52.5,0.2,1.0,False,True,False,-5.39
2020,GA,3,26.04,38.9,6.0,64.4,25.2,0.2,2.0,True,True,False,17.68
2020,GA,4,30.74,36.5,10.2,21.9,60.4,0.3,4.6,False,True,False,-25.12
2020,GA,5,47.39,34.0,6.8,30.6,54.7,0.3,5.2,False,True,False,-35.47
2020,GA,6,65.13,39.2,12.2,59.2,13.3,0.3,11.6,False,True,False,4.92
2020,GA,7,45.04,36.2,20.2,40.4,20.9,0.2,15.8,False,True,False,6.59
2020,GA,8,22.69,37.6,6.9,57.5,31.2,0.4,1.7,True,True,False,15.47
2020,GA,9,24.23,41.3,13.4,76.9,6.4,0.1,1.4,True,True,False,31.21
2020,GA,10,29.58,37.7,5.3,64.3,25.8,0.0,2.4,True,True,False,14.49
2020,GA,11,42.84,37.6,11.5,65.1,17.5,0.1,3.1,True,True,False,15.65
2020,GA,12,22.15,36.0,6.5,54.3,34.0,0.1,1.5,True,True,False,9.02
2020,GA,13,29.65,35.0,11.9,22.4,60.5,0.1,2.6,False,True,False,-20.7
2020,GA,14,18.44,38.3,12.2,75.1,8.6,0.1,1.0,True,True,False,27.84
2020,HI,1,36.71,39.1,9.1,14.9,2.3,0.1,49.8,False,True,False,-16.86
2020,HI,2,30.32,40.0,12.3,28.4,1.2,0.3,25.9,False,True,False,-17.5
2020,ID,1,27.18,38.8,11.5,82.7,0.8,1.1,1.2,True,True,False,21.67
2020,ID,2,30.58,34.6,14.3,80.3,0.5,0.9,1.6,True,True,False,16.3
2020,IL,1,31.33,38.8,11.1,34.4,50.0,0.1,2.6,False,True,False,-26.81
2020,IL,2,23.27,37.9,16.0,25.5,55.6,0.1,0.7,False,True,False,-29.24
2020,IL,3,31.21,40.0,32.3,56.6,5.1,0.0,4.7,False,True,False,-6.53
2020,IL,4,27.76,34.0,67.1,23.2,3.7,0.0,4.3,False,True,False,-33.95
2020,IL,5,56.77,35.8,21.9,65.9,2.8,0.1,6.8,False,True,False,-21.56
2020,IL,6,53.16,42.1,11.7,74.1,2.1,0.1,9.5,False,True,False,-0.39
2020,IL,7,44.88,35.1,17.3,30.6,42.0,0.0,7.6,False,True,False,-38.53
2020,IL,8,34.99,37.3,28.0,49.9,6.3,0.1,13.4,False,True,False,-9.41
2020,IL,9,55.75,40.3,11.2,62.1,9.2,0.1,14.5,False,True,False,-20.54
2020,IL,10,44.21,38.7,25.1,54.4,6.9,0.2,10.9,False,True,False,-12.4
2020,IL,11,37.53,37.2,28.1,50.5,11.3,0.0,7.9,False,True,False,-10.18
2020,IL,12,23.880000000000003,40.4,3.4,75.6,16.6,0.3,1.3,True,True,False,6.99
2020,IL,13,31.26,36.8,4.0,77.6,11.7,0.1,4.0,True,True,False,3.47
2020,IL,14,42.620000000000005,39.8,12.0,77.7,2.8,0.0,5.3,False,True,False,4.19
2020,IL,15,20.89,41.4,2.8,90.3,4.6,0.2,0.7,True,True,False,23.37
2020,IL,16,23.46,41.2,10.6,82.2,3.8,0.1,1.6,True,True,False,9.14
2020,IL,17,20.200000000000003,40.7,9.6,74.8,12.0,0.2,1.0,False,True,False,-0.53
2020,IL,18,33.58,40.7,2.9,88.1,3.8,0.1,2.9,True,True,False,15.27
2020,IN,1,23.18,39.9,16.3,62.2,18.3,0.3,1.5,False,True,False,-6.61
2020,IN,2,22.52,38.2,10.2,78.4,6.8,0.3,1.5,True,True,False,12.19
2020,IN,3,24.51,37.4,6.3,82.4,5.9,0.2,2.6,True,True,False,18.52
2020,IN,4,26.56,36.7,6.3,83.5,4.6,0.2,3.3,True,True,False,17.93
2020,IN,5,47.86,38.3,5.1,80.4,8.4,0.2,3.8,True,True,False,8.15
2020,IN,6,21.59,40.5,3.1,90.6,2.0,0.1,1.7,True,True,False,20.2
2020,IN,7,24.97,33.9,11.5,50.5,30.4,0.2,4.2,False,True,False,-11.18
2020,IN,8,22.14,40.3,2.7,89.6,4.4,0.1,1.1,True,True,False,16.96
2020,IN,9,27.130000000000003,38.4,3.6,88.1,3.0,0.1,2.7,True,True,False,14.02
2020,IA,1,27.61,39.2,4.3,87.2,4.2,0.4,1.6,True,True,False,1.01
2020,IA,2,28.36,39.0,5.8,84.5,4.7,0.2,2.5,True,True,False,1.31
2020,IA,3,35.18,37.4,7.2,82.4,5.0,0.2,3.7,False,True,False,2.2
2020,IA,4,25.43,38.9,7.7,86.6,1.9,0.4,1.7,True,True,False,13.22
2020,KS,1,26.1,36.3,16.4,76.4,2.6,0.6,1.5,True,True,False,24.77
2020,KS,2,29.43,38.5,7.1,81.8,4.5,1.2,1.5,True,True,False,10.41
2020,KS,3,48.54,37.1,12.5,71.2,8.2,0.2,5.1,False,True,False,2.05
2020,KS,4,30.03,36.9,12.9,72.6,6.5,0.6,3.4,True,True,False,15.54
2020,KY,1,17.17,40.4,3.1,86.9,6.9,0.3,0.6,True,True,False,24.56
2020,KY,2,21.92,38.8,3.4,86.9,5.0,0.2,2.1,True,True,False,20.64
2020,KY,3,34.41,38.3,6.1,66.0,22.6,0.2,2.8,False,True,False,-6.23
2020,KY,4,28.99,39.7,3.4,89.5,3.2,0.0,1.5,True,True,False,19.22
2020,KY,5,13.82,41.3,1.4,95.3,1.2,0.2,0.6,True,True,False,31.92
2020,KY,6,33.34,37.2,4.9,81.5,8.8,0.1,2.0,True,True,False,9.15
2020,LA,1,32.22,39.1,8.9,72.2,13.6,1.0,2.2,True,True,False,23.46
2020,LA,2,25.520000000000003,37.6,6.6,27.6,61.2,0.3,2.5,False,True,False,-25.66
2020,LA,3,23.31,36.8,4.2,67.1,24.9,0.3,1.5,True,True,False,20.43
2020,LA,4,19.27,38.3,4.4,57.6,33.8,0.9,1.0,True,True,False,13.03
2020,LA,5,18.200000000000003,38.3,2.7,59.1,35.0,0.3,0.8,True,True,False,15.58
2020,LA,6,30.200000000000003,35.7,5.2,65.6,25.1,0.4,2.3,True,True,False,18.91
2020,ME,1,40.55,44.5,1.9,92.3,2.0,0.4,1.5,False,True,False,-7.37
2020,ME,2,25.43,45.7,1.5,93.4,1.0,0.9,0.8,False,True,False,4.4
2020,MD,1,33.11,43.0,4.6,78.7,12.1,0.2,2.2,True,True,False,14.2
2020,MD,2,32.93,37.1,7.7,47.2,36.2,0.2,5.3,False,True,False,-10.48
2020,MD,3,52.24,36.8,9.4,56.1,22.9,0.3,7.4,False,True,False,-14.07
2020,MD,4,35.57,38.0,17.5,24.5,51.7,0.2,2.9,False,True,False,-28.02
2020,MD,5,34.32,39.1,10.4,42.8,38.6,0.3,4.1,False,True,False,-16.18
2020,MD,6,43.31,39.6,13.1,57.8,13.9,0.2,11.7,False,True,False,-6.27
2020,MD,7,40.1,39.2,4.0,33.4,52.0,0.4,7.5,False,True,False,-26.05
2020,MD,8,54.38,40.5,17.7,57.3,12.2,0.2,9.3,False,True,False,-15.21
2020,MA,1,30.81,41.1,19.3,70.6,5.4,0.1,2.1,False,True,False,-10.72
2020,MA,2,40.72,40.3,10.4,75.7,4.8,0.2,5.9,False,True,False,-8.97
2020,MA,3,38.39,39.6,21.3,65.0,3.3,0.2,7.4,False,True,False,-9.79
2020,MA,4,51.96,41.1,5.0,80.7,3.2,0.1,7.2,False,True,False,-10.31
2020,MA,5,60.120000000000005,38.2,10.0,67.6,5.2,0.1,13.4,False,True,False,-19.97
2020,MA,6,47.370000000000005,43.0,10.5,79.3,3.6,0.1,4.4,False,True,False,-7.15
2020,MA,7,47.14,32.3,22.4,40.1,23.1,0.2,10.6,False,True,False,-35.37
2020,MA,8,49.23,40.1,6.1,71.2,10.7,0.2,8.3,False,True,False,-11.12
2020,MA,9,37.82,45.5,6.0,85.1,3.5,0.4,1.5,False,True,False,-4.5
2020,MI,1,26.17,47.1,1.9,90.8,1.4,2.6,0.7,True,True,False,10.82
2020,MI,2,27.49,37.3,9.6,79.0,6.0,0.4,2.2,True,True,False,9.95
2020,MI,3,32.07,37.4,8.0,78.0,8.0,0.2,2.1,True,True,False,6.04
2020,MI,4,23.38,41.8,3.5,91.1,1.7,0.8,1.0,True,True,False,12.22
2020,MI,5,20.19,41.8,5.1,73.4,17.1,0.5,1.0,False,True,False,-3.18
2020,MI,6,28.520000000000003,39.1,6.5,80.1,8.1,0.4,1.5,True,True,False,4.85
2020,MI,7,26.700000000000003,42.2,4.5,87.2,3.9,0.4,1.1,True,True,False,8.5
2020,MI,8,42.22,39.0,5.2,81.1,5.7,0.4,5.1,False,True,False,4.39
2020,MI,9,31.34,39.9,2.6,74.7,13.8,0.4,5.4,False,True,False,-3.65
2020,MI,10,24.89,43.7,3.4,89.7,3.1,0.1,1.7,True,True,False,15.43
2020,MI,11,49.1,42.4,4.4,77.0,4.8,0.1,11.2,False,True,False,3.74
2020,MI,12,34.86,36.4,6.2,73.7,11.1,0.2,5.4,False,True,False,-13.27
2020,MI,13,15.99,35.3,7.7,34.2,53.8,0.6,1.2,False,True,False,-31.05
2020,MI,14,35.05,37.0,4.7,31.4,55.6,0.3,5.7,False,True,False,-29.95
2020,MN,1,31.11,38.3,6.8,84.6,3.1,0.3,3.0,True,True,False,7.25
2020,MN,2,40.71,38.1,6.5,79.3,5.6,0.3,4.9,False,True,False,1.81
2020,MN,3,50.18,39.9,4.0,74.8,8.3,0.3,8.8,False,True,False,-2.63
2020,MN,4,44.72,36.5,6.7,65.8,10.5,0.3,12.9,False,True,False,-14.73
2020,MN,5,48.29,34.5,9.9,63.2,16.5,0.6,5.6,False,True,False,-27.49
2020,MN,6,32.47,37.3,3.4,87.0,4.0,0.4,2.6,True,True,False,13.68
2020,MN,7,23.35,40.5,5.2,87.3,1.5,3.2,1.0,True,True,False,14.99
2020,MN,8,24.6,43.5,1.9,91.4,1.1,2.3,0.8,True,True,False,6.94
2020,MS,1,21.47,38.3,3.3,65.5,28.8,0.1,1.1,True,True,False,17.11
2020,MS,2,19.01,37.4,1.9,29.5,66.6,0.5,0.5,False,True,False,-13.66
2020,MS,3,26.520000000000003,38.4,2.4,59.2,35.3,1.0,1.2,True,True,False,13.33
2020,MS,4,22.04,39.0,4.4,68.3,23.4,0.2,1.3,True,True,False,21.73
2020,MO,1,33.54,36.0,3.6,41.0,48.8,0.2,3.4,False,True,False,-29.16
2020,MO,2,51.83,43.3,3.1,86.0,3.7,0.2,4.6,True,True,False,7.4
2020,MO,3,28.34,39.8,2.7,89.8,3.9,0.3,1.3,True,True,False,20.03
2020,MO,4,25.96,37.1,3.9,85.9,4.5,0.5,1.9,True,True,False,18.74
2020,MO,5,29.75,37.5,9.4,63.5,21.0,0.3,1.7,False,True,False,-7.02
2020,MO,6,28.83,39.3,4.2,86.6,4.5,0.4,1.4,True,True,False,16.94
2020,MO,7,24.880000000000003,38.2,5.4,87.6,1.8,0.8,1.4,True,True,False,24.1
2020,MO,8,17.83,40.7,1.9,90.4,4.8,0.3,0.9,True,True,False,26.75
2020,MT,0,33.58,40.5,3.8,85.8,0.6,6.0,0.8,True,True,False,11.42
2020,NE,1,32.980000000000004,36.0,10.0,80.9,2.7,1.1,2.7,True,True,False,11.92
2020,NE,2,42.18,35.0,11.9,71.4,9.8,0.5,3.7,True,True,False,3.15
2020,NE,3,23.68,40.2,12.2,83.5,1.3,0.6,0.7,True,True,False,28.43
2020,NV,1,17.59,36.4,47.0,27.9,11.6,0.4,9.2,False,True,False,-14.45
2020,NV,2,27.31,39.6,23.5,65.3,1.8,1.9,4.5,True,True,False,7.41
2020,NV,3,34.63,39.7,17.0,54.9,8.4,0.5,13.6,False,True,False,1.62
2020,NV,4,21.08,37.3,32.0,41.8,15.2,0.8,5.4,False,True,False,-2.01
2020,NH,1,38.22,42.5,4.1,89.9,1.5,0.1,2.6,False,True,False,1.75
2020,NH,2,36.94,43.5,3.8,89.5,1.4,0.1,2.6,False,True,False,-0.85
2020,NJ,1,33.36,39.2,14.1,62.0,16.1,0.1,5.0,False,True,False,-12.11
2020,NJ,2,27.18,42.8,17.2,64.3,12.1,0.3,3.7,True,True,False,2.09
2020,NJ,3,35.97,43.5,9.1,72.9,10.9,0.0,3.7,False,True,False,3.15
2020,NJ,4,44.290000000000006,41.1,11.2,77.6,5.9,0.0,4.2,True,True,False,8.26
2020,NJ,5,50.62,43.9,14.6,67.7,5.1,0.1,10.4,False,True,False,2.14
2020,NJ,6,41.09,37.7,22.4,46.5,9.6,0.0,18.4,False,True,False,-7.75
2020,NJ,7,54.83,43.0,14.3,66.3,4.5,0.1,11.7,False,True,False,1.67
2020,NJ,8,35.32,35.1,55.4,24.5,8.4,0.1,9.7,False,True,False,-26.84
2020,NJ,9,35.56,38.9,40.1,36.2,8.2,0.1,13.5,False,True,False,-15.41
2020,NJ,10,32.34,36.7,20.0,20.8,49.3,0.2,6.2,False,True,False,-35.99
2020,NJ,11,57.11,43.5,11.5,71.9,4.3,0.0,10.4,False,True,False,2.4
2020,NJ,12,47.120000000000005,40.4,18.4,44.8,16.4,0.2,17.4,False,True,False,-15.86
2020,NM,1,34.46,39.1,51.0,38.2,2.2,3.6,2.6,False,True,False,-7.88
2020,NM,2,20.51,37.3,55.9,35.4,2.0,4.7,1.1,True,True,False,6.46
2020,NM,3,27.66,39.3,40.8,36.7,1.6,17.7,1.2,False,True,False,-7.55
2020,NY,1,38.25,42.3,17.9,71.7,4.8,0.0,4.1,True,True,False,6.02
2020,NY,2,32.64,40.6,23.6,60.5,9.4,0.4,4.0,True,True,False,4.26
2020,NY,3,56.21,45.9,11.1,66.6,2.6,0.3,16.6,False,True,False,-1.39
2020,NY,4,43.59,40.4,22.4,52.9,14.5,0.1,7.3,False,True,False,-3.94
2020,NY,5,25.86,39.7,20.0,10.6,47.6,0.4,15.0,False,True,False,-36.53
2020,NY,6,38.17,42.0,19.9,32.4,4.6,0.2,40.3,False,True,False,-16.07
2020,NY,7,36.83,34.9,39.1,31.7,8.2,0.2,18.1,False,True,False,-38.06
2020,NY,8,35.23,36.4,17.1,25.2,49.0,0.1,6.0,False,True,False,-35.81
2020,NY,9,40.6,37.2,12.1,32.1,45.2,0.1,7.3,False,True,False,-34.11
2020,NY,10,63.33,37.0,13.4,61.6,3.0,0.2,18.6,False,True,False,-27.83
2020,NY,11,38.07,39.8,17.3,58.3,7.2,0.1,15.3,True,True,False,4.56
2020,NY,12,72.55,36.2,14.4,62.4,4.8,0.0,15.4,False,True,False,-32.76
2020,NY,13,32.870000000000005,35.3,54.5,15.6,23.4,0.1,4.2,False,True,False,-43.35
2020,NY,14,28.17,37.8,49.9,21.6,8.4,0.1,17.7,False,True,False,-28.83
2020,NY,15,14.57,32.1,64.0,2.6,29.9,0.1,1.8,False,True,False,-44.2
2020,NY,16,40.61,40.4,28.1,34.8,28.2,0.4,5.0,False,True,False,-24.98
2020,NY,17,49.620000000000005,39.0,22.7,59.5,10.0,0.0,6.0,False,True,False,-8.38
2020,NY,18,36.16,39.7,18.3,66.6,9.9,0.1,3.1,False,True,False,1.59
2020,NY,19,31.2,45.4,8.4,82.7,4.6,0.2,1.6,False,True,False,3.24
2020,NY,20,40.370000000000005,39.2,6.7,74.9,8.7,0.0,5.2,False,True,False,-6.63
2020,NY,21,24.74,41.5,3.4,90.4,2.7,0.4,1.2,True,True,False,6.08
2020,NY,22,26.06,41.0,4.0,86.7,3.6,0.2,3.0,True,True,False,7.56
2020,NY,23,28.01,41.2,4.2,88.0,2.6,0.6,2.3,True,True,False,7.4
2020,NY,24,31.97,40.4,4.7,81.1,7.8,0.4,2.8,True,True,False,-2.16
2020,NY,25,40.370000000000005,39.1,9.4,69.2,15.0,0.2,3.7,False,True,False,-7.63
2020,NY,26,31.54,38.1,7.0,67.7,17.6,0.5,4.6,False,True,False,-10.15
2020,NY,27,33.14,44.4,2.9,91.2,2.5,0.6,0.9,True,True,False,12.57
2020,ND,0,30.42,35.5,4.0,83.6,2.9,5.0,1.4,True,True,False,18.71
2020,OH,1,37.85,36.7,3.4,68.3,21.2,0.0,4.0,True,True,False,4.71
2020,OH,2,33.09,39.9,2.4,84.5,9.1,0.1,1.3,True,True,False,9.05
2020,OH,3,29.86,32.6,7.2,49.2,34.3,0.2,4.4,False,True,False,-19.1
2020,OH,4,20.01,41.4,3.9,86.9,5.1,0.2,1.2,True,True,False,16.38
2020,OH,5,28.0,39.8,6.0,87.7,2.8,0.2,1.3,True,True,False,12.56
2020,OH,6,17.85,43.5,1.2,94.5,2.1,0.0,0.5,True,True,False,19.56
2020,OH,7,21.08,41.4,2.9,90.2,4.0,0.1,0.7,True,True,False,14.22
2020,OH,8,25.25,39.0,3.7,84.7,6.8,0.1,2.4,True,True,False,18.08
2020,OH,9,23.84,37.5,10.9,68.1,15.3,0.3,2.1,False,True,False,-12.07
2020,OH,10,31.04,38.7,3.1,73.9,16.1,0.2,2.1,True,True,False,4.43
2020,OH,11,28.01,39.3,4.8,37.2,52.5,0.2,2.4,False,True,False,-31.54
2020,OH,12,42.23,39.2,2.6,84.6,4.9,0.2,4.9,True,True,False,7.18
2020,OH,13,23.66,41.7,3.5,78.7,12.3,0.1,2.4,False,True,False,-4.65
2020,OH,14,33.86,43.8,3.3,87.7,4.7,0.1,1.9,True,True,False,6.25
2020,OH,15,34.72,38.8,2.4,87.6,4.7,0.2,2.8,True,True,False,8.22
2020,OH,16,35.52,43.5,2.6,90.8,1.9,0.1,2.5,True,True,False,8.9
2020,OK,1,32.03,36.6,11.9,63.1,8.5,5.9,3.3,True,True,False,16.73
2020,OK,2,17.41,40.3,5.7,63.1,3.1,16.9,0.7,True,True,False,25.4
2020,OK,3,23.69,37.0,10.6,72.7,3.6,6.3,1.4,True,True,False,28.26
2020,OK,4,25.67,36.5,8.8,69.5,6.8,5.5,2.4,True,True,False,20.41
2020,OK,5,31.56,35.3,17.6,56.5,13.0,4.4,3.3,True,True,False,9.14
2020,OR,1,40.74,38.0,15.0,69.3,1.8,0.4,8.9,False,True,False,-10.2
2020,OR,2,26.950000000000003,42.3,14.2,78.9,0.7,2.1,1.1,True,True,False,11.53
2020,OR,3,44.31,37.6,11.6,70.0,4.7,0.7,7.4,False,True,False,-24.22
2020,OR,4,28.1,41.6,8.5,83.2,0.9,0.8,2.3,False,True,False,0.39
2020,OR,5,31.96,39.9,17.7,73.5,0.8,0.9,2.8,False,True,False,-0.83
2020,PA,1,42.58,43.5,5.5,81.9,4.4,0.1,6.2,True,True,False,0.35
2020,PA,2,22.6,35.7,27.9,37.3,23.2,0.1,8.8,False,True,False,-24.1
2020,PA,3,40.6,33.6,4.3,31.1,55.5,0.4,5.6,False,True,False,-41.39
2020,PA,4,48.53,41.2,5.7,75.6,9.5,0.0,6.7,False,True,False,-7.89
2020,PA,5,39.19,38.6,4.5,60.8,25.3,0.2,7.0,False,True,False,-13.09
2020,PA,6,46.66,39.3,16.1,71.3,5.8,0.1,4.7,False,True,False,-2.71
2020,PA,7,30.08,40.6,20.5,68.2,6.0,0.1,2.9,False,True,False,0.02
2020,PA,8,24.32,43.0,12.7,77.5,6.2,0.1,1.9,False,True,False,3.5
2020,PA,9,21.31,44.2,7.1,88.1,2.3,0.2,1.2,True,True,False,16.64
2020,PA,10,32.230000000000004,40.3,9.1,73.3,10.7,0.1,4.1,True,True,False,5.67
2020,PA,11,28.07,39.5,8.9,84.1,3.1,0.1,1.8,True,True,False,14.38
2020,PA,12,23.78,41.1,2.6,91.8,2.0,0.2,1.7,True,True,False,18.72
2020,PA,13,20.6,44.2,3.5,91.2,3.0,0.2,0.5,True,True,False,23.44
2020,PA,14,27.51,45.6,1.5,92.3,2.9,0.0,0.9,True,True,False,14.81
2020,PA,15,20.64,44.8,1.3,94.6,2.3,0.1,0.7,True,True,False,21.58
2020,PA,16,28.27,43.0,2.7,89.2,4.3,0.2,1.0,True,True,False,9.76
2020,PA,17,42.52,43.5,1.7,87.0,5.9,0.1,2.6,False,True,False,2.89
2020,PA,18,39.97,38.5,2.7,71.8,17.9,0.1,4.3,False,True,False,-12.95
2020,RI,1,34.22,39.3,19.1,66.1,7.1,0.3,3.1,False,True,False,-12.97
2020,RI,2,35.44,40.8,13.5,75.5,4.4,0.1,3.7,False,True,False,-4.16
2020,SC,1,40.88,39.8,6.1,69.4,18.8,0.2,2.1,True,True,False,8.73
2020,SC,2,35.120000000000005,39.0,5.9,65.3,24.2,0.3,1.9,True,True,False,11.9
2020,SC,3,23.85,40.6,4.7,72.4,19.2,0.2,1.0,True,True,False,20.07
2020,SC,4,33.44,38.4,9.0,68.4,17.5,0.3,2.6,True,True,False,14.82
2020,SC,5,26.32,40.1,4.4,65.1,26.1,0.5,1.7,True,True,False,10.05
2020,SC,6,22.87,36.9,6.0,36.3,54.1,0.2,1.2,False,True,False,-19.11
2020,SC,7,22.4,44.6,4.2,64.9,27.6,0.5,1.1,True,True,False,9.83
2020,SD,0,29.73,37.7,3.7,81.5,2.3,8.4,1.3,True,True,False,15.61
2020,TN,1,21.9,44.0,4.1,90.8,2.3,0.4,0.8,True,True,False,29.49
2020,TN,2,31.19,40.5,4.4,85.3,5.8,0.3,1.6,True,True,False,19.96
2020,TN,3,26.14,41.6,4.3,81.6,10.3,0.3,1.4,True,True,False,18.75
2020,TN,4,23.76,37.8,7.3,78.1,9.7,0.2,1.9,True,True,False,21.46
2020,TN,5,42.95,35.0,9.7,59.7,24.3,0.3,3.4,False,True,False,-7.64
2020,TN,6,25.0,40.9,4.6,86.8,5.1,0.3,1.1,True,True,False,25.41
2020,TN,7,32.11,38.2,5.4,79.4,9.5,0.2,2.0,True,True,False,20.87
2020,TN,8,30.62,41.2,3.1,71.1,21.9,0.3,1.6,True,True,False,19.34
2020,TN,9,24.17,34.1,8.1,23.0,64.9,0.1,2.4,False,True,False,-28.21
2020,TX,1,22.08,37.4,18.0,61.6,17.1,0.2,1.0,True,True,False,24.94
2020,TX,2,44.58,35.9,31.6,46.5,11.5,0.1,8.2,True,True,False,8.46
2020,TX,3,54.47,37.5,14.9,54.7,9.8,0.3,17.8,True,True,False,10.72
2020,TX,4,23.63,39.1,15.2,69.4,10.7,0.6,1.5,True,True,False,28.24
2020,TX,5,19.82,36.4,30.1,50.3,14.9,0.4,2.7,True,True,False,16.12
2020,TX,6,32.34,35.2,25.4,45.5,20.9,0.2,4.8,True,True,False,8.28
2020,TX,7,50.25,35.6,30.3,38.9,15.1,0.5,12.1,False,True,False,3.5
2020,TX,8,30.49,37.9,24.2,62.4,8.1,0.2,3.0,True,True,False,27.27
2020,TX,9,26.47,34.4,38.0,10.2,37.8,0.1,12.0,False,True,False,-29.45
2020,TX,10,41.36,35.7,30.7,49.8,12.2,0.1,5.0,True,True,False,7.52
2020,TX,11,23.07,35.6,39.9,53.3,4.0,0.2,1.1,True,True,False,31.6
2020,TX,12,31.88,35.9,23.2,60.6,9.5,0.5,3.7,True,True,False,17.63
2020,TX,13,21.27,37.0,28.4,61.5,5.3,0.7,2.2,True,True,False,33.57
2020,TX,14,25.0,37.3,26.3,49.7,19.0,0.2,3.2,True,True,False,11.5
2020,TX,15,21.25,31.8,82.0,14.0,1.6,0.1,1.2,False,True,False,-7.16
2020,TX,16,24.48,32.4,81.3,12.7,3.4,0.4,1.3,False,True,False,-18.5
2020,TX,17,32.26,33.3,26.7,52.6,13.4,0.2,4.5,True,True,False,11.1
2020,TX,18,23.0,32.4,44.8,15.7,33.0,0.2,4.4,False,True,False,-27.39
2020,TX,19,23.92,33.9,37.4,53.1,5.8,0.2,1.5,True,True,False,26.64
2020,TX,20,24.49,32.6,68.4,21.3,5.2,0.2,2.9,False,True,False,-11.62
2020,TX,21,47.370000000000005,38.9,30.5,59.0,3.9,0.4,3.8,True,True,False,8.07
2020,TX,22,45.41,36.7,26.8,37.8,14.1,0.4,18.1,True,True,False,7.62
2020,TX,23,23.85,34.4,69.6,23.9,2.9,0.3,1.9,True,True,False,0.3
2020,TX,24,48.42,35.6,23.6,44.6,12.8,0.4,15.5,True,True,False,6.64
2020,TX,25,40.59,37.8,18.7,67.7,6.7,0.3,3.6,True,True,False,10.0
2020,TX,26,45.58,36.3,19.8,60.2,8.9,0.4,7.8,True,True,False,16.46
2020,TX,27,20.130000000000003,36.7,54.3,38.2,4.6,0.1,1.6,True,True,False,13.3
2020,TX,28,20.0,31.2,78.9,15.7,3.5,0.1,0.6,False,True,False,-9.11
2020,TX,29,11.63,30.3,78.7,8.5,10.2,0.0,1.8,False,True,False,-20.57
2020,TX,30,22.39,33.0,40.5,15.6,40.7,0.1,1.7,False,True,False,-29.65
2020,TX,31,36.42,35.0,25.3,54.0,11.4,0.3,5.9,True,True,False,9.12
2020,TX,32,45.3,35.3,27.0,46.5,14.9,0.3,8.1,False,True,False,2.56
2020,TX,33,13.11,30.6,66.8,14.5,15.7,0.2,2.1,False,True,False,-23.41
2020,TX,34,15.53,32.5,84.5,13.4,1.0,0.2,0.5,False,True,False,-9.84
2020,TX,35,25.18,33.0,60.6,27.4,8.5,0.2,1.7,False,True,False,-15.63
2020,TX,36,19.43,37.0,28.5,58.8,8.7,0.3,1.7,True,True,False,25.36
2020,UT,1,31.77,31.1,13.5,80.5,0.8,0.9,1.7,True,True,False,22.84
2020,UT,2,32.21,33.4,15.8,75.0,1.4,1.0,3.1,True,True,False,13.07
2020,UT,3,41.95,28.7,10.9,81.4,0.7,1.4,1.9,True,True,False,21.57
2020,UT,4,33.85,31.5,17.1,74.1,1.4,0.5,2.8,True,True,False,9.59
2020,VT,0,38.66,42.8,2.0,92.5,1.3,0.4,1.4,False,True,False,-14.63
2020,VA,1,37.760000000000005,39.3,11.1,65.4,16.0,0.1,3.6,True,True,False,7.76
2020,VA,2,37.66,36.9,8.3,62.5,18.8,0.2,6.0,False,True,False,2.95
2020,VA,3,26.54,35.1,6.8,39.9,46.5,0.1,2.5,False,True,False,-15.63
2020,VA,4,30.83,37.8,6.0,48.1,40.7,0.3,1.7,False,True,False,-9.96
2020,VA,5,29.01,43.2,3.8,72.0,19.4,0.3,1.7,True,True,False,6.52
2020,VA,6,28.31,39.7,5.6,78.7,11.3,0.2,1.5,True,True,False,13.62
2020,VA,7,40.58,39.8,8.0,65.9,17.5,0.2,5.3,False,True,False,5.26
2020,VA,8,63.34,36.5,18.5,51.0,13.8,0.2,12.0,False,True,False,-24.23
2020,VA,9,21.93,43.7,2.8,88.6,5.4,0.2,1.5,True,True,False,21.11
2020,VA,10,56.55,38.8,14.4,58.8,7.8,0.2,15.5,False,True,False,-2.48
2020,VA,11,57.2,37.0,19.1,44.6,13.4,0.3,18.6,False,True,False,-17.64
2020,WA,1,45.3,38.8,9.7,70.3,1.5,0.8,12.9,False,True,False,-6.74
2020,WA,2,33.43,38.9,11.1,70.2,3.2,1.4,9.4,False,True,False,-10.43
2020,WA,3,27.16,39.8,10.2,79.3,1.5,0.6,3.2,True,True,False,4.54
2020,WA,4,22.18,34.4,39.7,52.7,1.2,2.0,1.3,True,True,False,13.34
2020,WA,5,30.37,38.2,6.8,83.0,1.7,1.6,2.4,True,True,False,7.94
2020,WA,6,33.04,41.9,8.0,75.8,3.9,1.9,3.7,False,True,False,-5.68
2020,WA,7,62.26,35.8,8.1,66.0,4.9,0.4,14.6,False,True,False,-34.3
2020,WA,8,36.82,38.3,12.0,68.2,2.9,1.1,9.5,False,True,False,-0.1
2020,WA,9,44.620000000000005,36.3,12.9,43.8,11.7,0.6,23.9,False,True,False,-22.44
2020,WA,10,27.9,37.0,12.6,64.1,6.2,1.0,7.2,False,True,False,-5.28
2020,WV,1,23.32,42.3,1.2,93.0,2.5,0.3,0.9,True,True,False,21.27
2020,WV,2,22.64,42.3,2.2,90.1,4.3,0.2,0.9,True,True,False,18.5
2020,WV,3,16.97,44.2,1.0,93.2,4.0,0.0,0.5,True,True,False,24.73
2020,WI,1,30.520000000000003,40.9,10.1,79.5,5.8,0.3,2.2,True,True,False,5.96
2020,WI,2,44.93,37.2,6.8,81.3,4.3,0.3,4.5,False,True,False,-18.03
2020,WI,3,26.95,39.2,2.9,91.3,1.5,0.5,2.5,False,True,False,1.72
2020,WI,4,29.33,32.8,17.6,41.5,33.3,0.6,4.0,False,True,False,-25.6
2020,WI,5,38.21,42.5,6.5,86.0,2.3,0.2,3.0,True,True,False,12.27
2020,WI,6,28.25,42.0,4.8,88.4,1.9,0.5,2.6,True,True,False,8.93
2020,WI,7,24.41,45.0,2.6,91.2,0.7,2.0,1.6,True,True,False,9.78
2020,WI,8,27.200000000000003,40.8,5.6,86.2,1.5,2.3,2.4,True,True,False,8.75
2020,WY,0,29.13,38.1,10.1,83.7,1.1,2.1,0.8,True,True,False,25.9
2022,AL,1,26.96,40.9,0.1,1.6,0.0,0.3,3.6,True,False,True,16.47
2022,AL,2,25.96,39.1,0.1,1.6,0.0,0.2,3.6,True,False,True,17.32
2022,AL,3,24.01,39.4,0.3,1.8,0.1,0.6,3.3,True,False,True,19.36
2022,AL,4,19.14,40.8,0.1,0.8,0.1,0.6,3.9,True,False,True,33.24
2022,AL,5,37.46,40.2,0.2,1.7,0.0,0.3,4.3,True,False,True,16.67
2022,AL,6,41.24,39.8,0.1,1.9,0.1,0.4,2.3,True,False,True,18.39
2022,AL,7,26.630000000000003,36.5,0.1,1.2,0.0,0.4,2.4,False,False,True,-14.11
2022,AK,0,30.59,35.9,0.3,6.1,2.0,0.5,10.7,False,False,True,8.02
2022,AZ,1,52.65,43.9,0.1,3.9,0.2,0.4,4.2,True,False,True,2.01
2022,AZ,2,25.62,41.9,0.1,1.2,0.3,0.4,4.1,True,False,True,6.35
2022,AZ,3,20.01,31.0,0.6,2.4,0.2,0.4,2.4,False,False,True,-24.02
2022,AZ,4,38.35,34.6,0.2,5.7,0.3,0.5,4.5,False,False,True,-2.27
2022,AZ,5,40.43,38.3,0.3,6.0,0.1,0.4,4.4,True,False,True,11.11
2022,AZ,6,40.18,44.1,0.2,3.0,0.2,0.6,4.7,True,False,True,2.66
2022,AZ,7,22.5,34.0,0.2,2.0,0.2,0.5,2.6,False,False,True,-14.98
2022,AZ,8,31.46,42.6,0.8,5.0,0.1,0.4,4.0,True,False,True,9.69
2022,AZ,9,23.27,41.5,0.4,2.3,0.2,0.8,4.1,True,False,True,15.64
2022,AR,1,18.24,41.1,0.1,0.7,0.3,0.1,5.0,True,False,True,22.37
2022,AR,2,32.05,38.6,0.1,1.7,0.0,0.7,4.6,True,False,True,9.03
2022,AR,3,32.14,35.6,0.0,3.1,1.5,0.5,13.7,True,False,True,14.91
2022,AR,4,19.23,41.0,0.1,0.7,0.1,0.2,4.5,True,False,True,19.55
2022,CA,1,24.360000000000003,38.7,0.2,5.5,0.5,0.8,6.2,True,False,True,12.21
2022,CA,2,43.97,45.5,0.2,4.2,0.1,0.6,5.8,False,False,True,-23.19
2022,CA,3,40.94,43.7,0.2,7.5,0.1,0.5,7.2,True,False,True,3.72
2022,CA,4,34.93,39.3,0.2,8.1,0.4,0.4,5.8,False,False,True,-16.71
2022,CA,5,30.0,41.4,0.1,5.8,0.7,0.5,5.5,True,False,True,8.73
2022,CA,6,30.42,36.6,0.1,11.7,0.9,0.9,6.7,False,False,True,-7.39
2022,CA,7,34.16,37.3,0.1,23.4,1.2,1.1,6.1,False,False,True,-17.4
2022,CA,8,29.99,38.7,0.1,18.0,0.9,1.2,6.0,False,False,True,-26.09
2022,CA,9,23.15,35.4,0.0,17.3,0.4,0.8,3.5,False,False,True,-4.58
2022,CA,10,55.53,41.4,0.2,23.2,0.2,0.9,6.1,False,False,True,-17.91
2022,CA,11,65.75999999999999,39.7,0.3,32.2,0.4,0.8,6.7,False,False,True,-36.7
2022,CA,12,55.39,38.3,0.3,21.2,0.2,0.9,6.5,False,False,True,-39.7
2022,CA,13,14.670000000000002,32.2,0.1,6.6,0.2,0.3,2.3,True,False,True,-3.85
2022,CA,14,49.97,40.6,0.2,39.6,1.1,0.5,5.1,False,False,True,-21.7
2022,CA,15,48.900000000000006,41.3,0.3,38.3,1.3,1.1,4.3,False,False,True,-27.74
2022,CA,16,63.08,40.6,0.1,29.3,0.2,0.5,5.4,False,False,True,-25.63
2022,CA,17,63.21000000000001,37.4,0.2,57.7,0.3,0.6,3.8,False,False,True,-23.31
2022,CA,18,24.71,34.5,0.2,11.7,0.4,0.3,2.9,False,False,True,-21.38
2022,CA,19,48.33,41.4,0.2,19.2,0.4,0.5,5.3,False,False,True,-18.46
2022,CA,20,28.5,35.3,0.0,7.3,0.2,0.7,3.8,True,False,True,15.59
2022,CA,21,17.91,32.0,0.1,9.8,0.1,0.5,2.4,False,False,True,-8.7
2022,CA,22,10.24,30.3,0.1,3.9,0.1,0.3,2.0,True,False,True,-5.07
2022,CA,23,20.53,34.0,0.4,3.9,0.6,0.9,4.0,True,False,True,7.69
2022,CA,24,39.74,37.7,0.1,4.8,0.2,0.7,4.5,False,False,True,-12.57
2022,CA,25,17.56,37.3,0.3,3.5,0.0,0.2,2.1,False,False,True,-6.18
2022,CA,26,39.7,39.4,0.5,8.0,0.1,0.9,3.7,False,False,True,-7.96
2022,CA,27,29.630000000000003,37.9,0.4,9.5,0.1,0.7,3.7,True,False,True,-4.05
2022,CA,28,48.67,43.0,0.3,38.1,0.3,0.6,3.5,False,False,True,-15.55
2022,CA,29,24.83,36.6,0.4,7.6,0.1,0.6,2.2,False,False,True,-25.79
2022,CA,30,50.27,40.0,0.4,11.5,0.2,0.7,4.1,False,False,True,-22.67
2022,CA,31,24.33,39.1,0.3,19.2,0.1,0.8,2.1,False,False,True,-14.83
2022,CA,32,51.870000000000005,40.6,0.5,12.5,0.0,1.1,5.3,False,False,True,-19.53
2022,CA,33,21.61,33.7,0.3,7.1,0.2,0.7,2.6,False,False,True,-11.71
2022,CA,34,28.4,36.6,0.5,17.6,0.1,0.4,2.2,False,False,True,-32.46
2022,CA,35,22.33,34.2,0.3,11.9,0.2,0.7,2.3,False,False,True,-13.32
2022,CA,36,65.77,40.7,0.4,17.7,0.1,0.6,6.8,False,False,True,-20.81
2022,CA,37,28.71,34.5,0.2,6.3,0.1,0.7,3.4,False,False,True,-36.63
2022,CA,38,30.53,40.2,0.5,22.1,0.3,0.8,1.5,False,False,True,-14.33
2022,CA,39,19.12,32.9,0.4,5.6,0.8,0.3,2.3,False,False,True,-11.86
2022,CA,40,50.510000000000005,43.1,0.4,20.0,0.2,0.5,5.1,True,False,True,1.86
2022,CA,41,31.25,40.1,0.4,8.9,0.1,1.2,4.3,True,False,True,3.17
2022,CA,42,26.53,36.0,0.4,7.2,0.4,0.3,2.4,False,False,True,-22.37
2022,CA,43,22.24,35.5,0.3,8.9,0.2,0.7,3.3,False,False,True,-31.98
2022,CA,44,24.8,36.8,0.3,11.2,1.0,0.5,3.2,False,False,True,-24.0
2022,CA,45,39.0,40.8,0.2,38.6,0.5,0.3,3.2,True,False,True,-2.14
2022,CA,46,22.22,34.8,0.3,16.3,0.2,0.3,1.6,False,False,True,-14.93
2022,CA,47,59.83,38.5,0.2,24.0,0.3,0.6,6.4,False,False,True,-3.28
2022,CA,48,34.230000000000004,38.7,0.2,6.0,0.2,0.8,4.7,True,False,True,9.33
2022,CA,49,49.08,40.0,0.5,7.1,0.3,0.6,5.9,False,False,True,-3.14
2022,CA,50,59.71,37.0,0.3,14.7,0.2,0.8,6.3,False,False,True,-14.38
2022,CA,51,45.66,37.3,0.2,16.1,0.4,0.6,6.1,False,False,True,-11.56
2022,CA,52,26.15,35.3,0.2,13.7,0.6,0.5,3.2,False,False,True,-18.28
2022,CO,1,57.1,35.0,0.4,3.6,0.1,0.5,4.4,False,False,True,-28.92
2022,CO,2,59.56999999999999,37.7,0.2,2.9,0.1,0.3,5.0,False,False,True,-17.5
2022,CO,3,34.08,41.8,0.1,0.8,0.0,0.6,3.9,True,False,True,7.06
2022,CO,4,48.47,39.1,0.2,3.9,0.1,0.4,4.8,True,False,True,12.85
2022,CO,5,42.68,35.1,0.3,2.7,0.3,0.7,6.4,True,False,True,8.94
2022,CO,6,45.79,37.8,0.2,5.1,0.2,0.5,5.6,False,False,True,-9.01
2022,CO,7,48.99,41.7,0.4,3.1,0.1,0.6,3.7,False,False,True,-3.89
2022,CO,8,29.81,35.4,0.1,3.0,0.0,0.4,3.0,False,False,True,0.45
2022,CT,1,39.040000000000006,40.2,0.4,5.7,0.0,0.5,4.2,False,False,True,-11.75
2022,CT,2,39.39,42.5,0.1,3.9,0.0,0.6,4.4,False,False,True,-2.86
2022,CT,3,39.34,39.9,0.4,4.3,0.0,1.1,3.9,False,False,True,-7.32
2022,CT,4,52.83,41.1,0.9,5.9,0.0,1.1,4.4,False,False,True,-13.07
2022,CT,5,39.3,40.8,0.2,4.1,0.0,0.9,5.1,False,False,True,-2.66
2022,DE,0,36.52,41.5,0.3,4.1,0.0,0.5,4.5,False,False,True,-6.74
2022,FL,1,31.38,39.0,0.2,2.5,0.0,0.6,6.7,True,False,True,19.31
2022,FL,2,30.28,38.8,0.9,1.9,0.1,0.4,4.9,True,False,True,7.7
2022,FL,3,29.25,40.5,1.8,2.7,0.0,0.5,4.5,True,False,True,9.24
2022,FL,4,26.27,38.2,1.3,2.2,0.0,1.0,4.5,True,False,True,5.88
2022,FL,5,47.06,39.3,1.3,6.0,0.0,0.6,5.5,True,False,True,10.86
2022,FL,6,26.27,49.2,0.9,1.6,0.1,0.6,4.2,True,False,True,13.98
2022,FL,7,34.78,42.3,2.5,4.2,0.0,0.4,3.6,True,False,True,5.1
2022,FL,8,35.71,48.9,1.8,2.3,0.1,0.8,4.4,True,False,True,11.37
2022,FL,9,34.61,38.5,3.8,4.1,0.0,0.6,3.5,False,False,True,-8.05
2022,FL,10,39.21,34.9,2.7,4.7,0.0,0.9,4.8,False,False,True,-14.3
2022,FL,11,35.96,44.9,1.4,3.6,0.0,1.6,5.0,True,False,True,8.04
2022,FL,12,23.69,47.0,2.1,2.0,0.1,0.6,3.3,True,False,True,16.58
2022,FL,13,35.41,51.5,1.4,3.3,0.1,0.6,4.2,True,False,True,5.58
2022,FL,14,41.74,39.0,9.6,3.8,0.1,0.6,4.0,False,False,True,-8.13
2022,FL,15,33.89,38.9,4.2,4.5,0.0,0.6,3.7,True,False,True,3.67
2022,FL,16,35.81,43.4,2.0,3.2,0.0,0.8,3.4,True,False,True,6.99
2022,FL,17,33.489999999999995,55.1,3.9,1.6,0.0,0.4,3.3,True,False,True,10.15
2022,FL,18,19.19,40.2,2.6,1.4,0.0,0.3,2.8,True,False,True,13.39
2022,FL,19,38.74,54.6,5.2,1.8,0.0,0.4,3.4,True,False,True,12.91
2022,FL,20,26.8,39.8,3.6,2.7,0.0,1.1,4.1,False,False,True,-25.1
2022,FL,21,36.69,48.0,2.5,2.6,0.1,0.5,3.3,True,False,True,6.86
2022,FL,22,38.01,46.7,4.7,2.7,0.1,0.9,2.7,False,False,True,-7.26
2022,FL,23,45.59,43.1,2.7,3.5,0.0,1.4,6.9,False,False,True,-4.81
2022,FL,24,32.89,39.7,13.0,1.5,0.0,0.7,2.9,False,False,True,-24.64
2022,FL,25,42.370000000000005,41.9,10.6,3.8,0.1,0.9,3.5,False,False,True,-9.2
2022,FL,26,30.19,42.6,37.8,1.0,0.0,0.4,1.4,True,False,True,8.41
2022,FL,27,43.98,42.2,37.7,1.9,0.0,0.4,2.0,True,False,True,-0.15
2022,FL,28,30.020000000000003,41.4,38.0,1.5,0.0,0.5,1.9,True,False,True,2.37
2022,GA,1,28.380000000000003,37.1,0.4,1.9,0.2,0.5,4.9,True,False,True,9.19
2022,GA,2,21.56,37.7,0.3,1.2,0.1,0.5,3.6,False,False,True,-3.11
2022,GA,3,29.16,39.1,0.2,2.2,0.0,0.3,4.3,True,False,True,17.99
2022,GA,4,40.93,36.6,0.5,5.5,0.0,0.3,3.9,False,False,True,-26.63
2022,GA,5,55.13,34.8,0.2,4.8,0.0,0.7,4.4,False,False,True,-31.65
2022,GA,6,59.5,40.2,0.5,11.9,0.1,0.8,4.6,True,False,True,11.08
2022,GA,7,40.900000000000006,36.2,0.4,13.3,0.0,0.6,3.8,False,False,True,-9.64
2022,GA,8,23.24,37.2,0.4,1.5,0.0,0.3,4.5,True,False,True,16.38
2022,GA,9,31.94,40.4,0.4,6.8,0.0,0.3,3.5,True,False,True,22.26
2022,GA,10,29.69,37.7,0.3,2.3,0.1,0.5,4.1,True,False,True,14.6
2022,GA,11,42.81,37.6,0.4,3.5,0.1,0.7,4.9,True,False,True,11.03
2022,GA,12,24.46,37.1,0.3,1.8,0.0,0.4,4.5,True,False,True,7.52
2022,GA,13,32.19,36.4,0.2,3.8,0.1,0.8,3.8,False,False,True,-27.87
2022,GA,14,23.73,39.1,0.4,0.9,0.2,0.3,4.5,True,False,True,21.77
2022,HI,1,38.58,40.9,0.2,47.5,7.5,0.2,18.5,False,False,True,-13.6
2022,HI,2,32.17,40.7,0.2,21.8,11.1,0.5,25.7,False,False,True,-13.7
2022,ID,1,30.13,39.6,0.1,1.1,0.2,0.5,4.6,True,False,True,22.18
2022,ID,2,34.620000000000005,35.5,0.1,1.5,0.2,0.4,3.7,True,False,True,14.5
2022,IL,1,31.86,40.2,0.2,2.3,0.0,0.5,3.0,False,False,True,-20.38
2022,IL,2,24.21,39.5,0.2,1.2,0.0,0.2,3.5,False,False,True,-18.75
2022,IL,3,37.99,37.2,0.4,7.9,0.0,0.3,2.5,False,False,True,-19.8
2022,IL,4,24.62,37.2,0.4,4.4,0.0,0.2,1.3,False,False,True,-22.46
2022,IL,5,64.94,37.5,0.5,10.8,0.0,0.3,3.6,False,False,True,-18.34
2022,IL,6,43.63,41.1,0.4,5.5,0.0,0.5,3.9,False,False,True,-3.27
2022,IL,7,48.29,34.2,0.3,8.5,0.1,0.3,3.0,False,False,True,-35.72
2022,IL,8,40.28,40.0,0.2,13.2,0.0,0.4,3.4,False,False,True,-6.0
2022,IL,9,56.370000000000005,41.6,0.5,14.8,0.1,0.4,4.6,False,False,True,-19.44
2022,IL,10,47.55,40.2,0.3,8.2,0.1,0.9,3.1,False,False,True,-10.98
2022,IL,11,44.66,40.1,0.2,9.2,0.1,0.4,3.6,False,False,True,-5.3
2022,IL,12,24.92,41.9,0.1,0.9,0.0,0.3,4.6,True,False,True,23.97
2022,IL,13,32.69,37.3,0.1,4.1,0.0,0.3,6.0,False,False,True,-3.44
2022,IL,14,32.02,36.6,0.1,4.8,0.0,0.2,3.1,False,False,True,-3.56
2022,IL,15,25.63,42.1,0.0,0.8,0.0,0.2,2.9,True,False,True,21.95
2022,IL,16,32.19,41.7,0.0,2.1,0.0,0.3,4.0,True,False,True,13.46
2022,IL,17,24.65,38.7,0.2,2.2,0.0,0.4,5.8,False,False,True,-1.91
2022,IN,1,27.44,39.9,0.0,1.3,0.0,0.7,2.9,False,False,True,-2.77
2022,IN,2,25.33,37.9,0.1,1.2,0.0,0.6,4.0,True,False,True,13.95
2022,IN,3,25.56,37.5,0.1,2.6,0.1,0.3,3.9,True,False,True,17.97
2022,IN,4,30.63,37.4,0.1,3.2,0.0,0.4,3.3,True,False,True,17.72
2022,IN,5,40.8,38.8,0.2,3.9,0.0,0.6,4.3,True,False,True,11.21
2022,IN,6,28.020000000000003,38.2,0.1,5.6,0.0,0.4,4.1,True,False,True,19.18
2022,IN,7,37.42,34.4,0.3,2.0,0.0,0.7,4.8,False,False,True,-18.95
2022,IN,8,23.4,39.8,0.0,1.2,0.1,0.3,3.7,True,False,True,19.03
2022,IN,9,27.88,39.6,0.1,1.6,0.0,0.3,3.8,True,False,True,16.18
2022,IA,1,33.58,39.0,0.1,2.2,0.1,0.2,4.0,True,False,True,3.49
2022,IA,2,29.86,40.2,0.1,1.5,0.7,0.3,3.0,True,False,True,4.28
2022,IA,3,37.61,37.6,0.3,3.6,0.1,0.3,4.1,True,False,True,2.52
2022,IA,4,28.0,39.0,0.2,2.1,0.2,0.3,3.3,True,False,True,15.52
2022,KS,1,29.66,36.0,0.2,1.7,0.1,0.3,4.2,True,False,True,17.87
2022,KS,2,27.44,37.7,0.2,1.5,0.3,0.6,5.6,True,False,True,10.78
2022,KS,3,52.42,39.0,0.2,5.1,0.0,0.5,4.0,False,False,True,1.0
2022,KS,4,31.76,37.4,0.3,3.2,0.1,0.4,6.0,True,False,True,13.99
2022,KY,1,21.03,40.0,0.0,0.2,0.2,0.3,3.9,True,False,True,24.02
2022,KY,2,23.69,39.6,0.3,1.7,0.2,0.5,4.5,True,False,True,21.15
2022,KY,3,37.49,38.3,2.2,2.7,0.0,0.4,4.5,False,False,True,-8.6
2022,KY,4,32.61,39.5,0.1,1.3,0.0,0.3,4.4,True,False,True,19.33
2022,KY,5,15.95,41.9,0.1,0.2,0.0,0.1,3.1,True,False,True,32.24
2022,KY,6,36.61,37.4,0.3,2.1,0.0,0.3,4.5,True,False,True,8.52
2022,LA,1,35.04,39.8,0.5,2.4,0.1,0.5,5.2,True,False,True,22.76
2022,LA,2,28.24,39.0,0.2,2.5,0.0,0.5,3.5,False,False,True,-24.91
2022,LA,3,24.15,38.0,0.2,1.5,0.1,0.5,4.3,True,False,True,21.25
2022,LA,4,21.17,38.5,0.0,1.0,0.0,0.3,3.7,True,False,True,14.15
2022,LA,5,20.86,37.7,0.1,0.8,0.1,0.2,3.4,True,False,True,16.97
2022,LA,6,32.77,35.9,0.1,2.4,0.0,0.3,3.8,True,False,True,19.48
2022,ME,1,44.42,44.3,0.0,1.5,0.0,0.5,4.3,False,False,True,-8.76
2022,ME,2,27.54,46.0,0.1,0.9,0.0,0.4,4.1,False,False,True,5.57
2022,MD,1,35.18,42.2,0.1,2.4,0.0,0.8,4.8,True,False,True,10.6
2022,MD,2,46.94,40.5,0.3,5.3,0.0,0.8,4.8,False,False,True,-7.47
2022,MD,3,54.58,40.2,0.4,10.7,0.1,0.7,4.7,False,False,True,-9.62
2022,MD,4,34.25,37.9,0.3,5.2,0.0,0.8,3.7,False,False,True,-39.51
2022,MD,5,42.14,38.8,0.1,2.7,0.1,0.5,6.1,False,False,True,-15.08
2022,MD,6,41.61,39.7,0.1,8.2,0.0,0.6,5.0,False,False,True,-1.97
2022,MD,7,31.32,36.8,0.4,3.1,0.1,0.7,3.7,False,False,True,-30.11
2022,MD,8,64.24000000000001,41.6,0.3,14.5,0.0,1.2,5.0,False,False,True,-29.49
2022,MA,1,32.75,42.1,0.1,2.0,0.0,0.3,3.2,False,False,True,-8.68
2022,MA,2,44.78,39.7,0.3,7.0,0.0,1.0,4.4,False,False,True,-13.08
2022,MA,3,38.81,39.5,0.2,8.2,0.0,0.7,4.9,False,False,True,-11.41
2022,MA,4,49.85,40.3,0.2,6.4,0.0,0.7,4.6,False,False,True,-11.94
2022,MA,5,60.91,39.5,0.3,14.0,0.0,2.0,5.5,False,False,True,-23.35
2022,MA,6,48.83,43.2,0.3,5.1,0.0,0.8,3.6,False,False,True,-11.01
2022,MA,7,49.08,32.9,0.2,11.0,0.0,1.3,6.6,False,False,True,-35.0
2022,MA,8,51.22,40.2,0.2,9.6,0.0,2.0,5.7,False,False,True,-15.25
2022,MA,9,43.32,47.3,0.2,1.4,0.0,2.0,5.5,False,False,True,-6.29
2022,MI,1,28.44,47.6,0.1,0.6,0.0,0.4,4.6,True,False,True,12.59
2022,MI,2,21.94,41.6,0.1,0.7,0.0,0.4,4.4,True,False,True,16.48
2022,MI,3,37.9,35.9,0.4,2.9,0.1,0.3,4.4,False,False,True,-1.28
2022,MI,4,32.85,37.8,0.4,2.5,0.0,0.5,4.3,True,False,True,4.74
2022,MI,5,22.99,42.0,0.2,0.8,0.0,0.6,4.5,True,False,True,14.56
2022,MI,6,53.19,38.8,0.1,9.9,0.0,0.5,5.2,False,False,True,-10.89
2022,MI,7,36.97,38.7,0.2,3.1,0.0,0.8,4.6,False,False,True,2.12
2022,MI,8,25.57,41.5,0.3,1.2,0.0,0.4,3.6,False,False,True,1.07
2022,MI,9,29.130000000000003,43.8,0.2,1.6,0.0,0.2,3.8,True,False,True,17.54
2022,MI,10,30.32,41.0,0.1,6.4,0.0,0.5,4.8,True,False,True,3.05
2022,MI,11,50.0,40.7,0.2,8.9,0.1,0.6,5.2,False,False,True,-7.38
2022,MI,12,27.160000000000004,37.3,0.1,1.7,0.0,0.4,4.5,False,False,True,-22.54
2022,MI,13,21.2,37.3,0.3,3.4,0.0,0.5,4.4,False,False,True,-23.47
2022,MN,1,32.52,39.4,0.1,2.9,0.1,0.4,2.8,True,False,True,7.41
2022,MN,2,43.79,38.5,0.2,5.3,0.0,0.7,4.4,False,False,True,-0.61
2022,MN,3,50.620000000000005,41.4,0.1,8.2,0.0,0.9,5.7,False,False,True,-7.54
2022,MN,4,48.3,37.2,0.1,13.8,0.0,0.5,5.3,False,False,True,-16.61
2022,MN,5,50.73,34.7,0.3,5.7,0.0,0.7,5.9,False,False,True,-29.73
2022,MN,6,35.24,37.5,0.2,3.0,0.0,0.7,4.1,True,False,True,11.99
2022,MN,7,24.91,41.9,0.0,1.5,0.1,0.5,4.0,True,False,True,19.26
2022,MN,8,27.660000000000004,42.6,0.1,1.1,0.0,0.3,4.1,True,False,True,8.04
2022,MS,1,22.72,38.1,0.1,0.8,0.0,0.3,3.1,True,False,True,18.35
2022,MS,2,21.71,39.4,0.1,0.3,0.0,0.1,2.4,False,False,True,-11.19
2022,MS,3,29.18,39.3,0.1,1.2,0.0,0.2,2.7,True,False,True,14.74
2022,MS,4,25.3,38.9,0.2,1.1,0.0,0.6,4.9,True,False,True,21.74
2022,MO,1,38.66,37.0,0.1,3.4,0.0,0.5,4.8,False,False,True,-27.32
2022,MO,2,49.51,41.8,0.1,5.0,0.0,0.5,6.5,True,False,True,7.1
2022,MO,3,34.34,39.7,0.1,2.1,0.0,0.4,5.8,True,False,True,16.03
2022,MO,4,25.36,38.4,0.1,1.3,0.2,0.6,4.7,True,False,True,22.62
2022,MO,5,34.59,37.1,0.2,2.2,0.2,0.4,5.4,False,False,True,-10.78
2022,MO,6,25.700000000000003,39.3,0.1,1.1,0.1,0.2,3.9,True,False,True,21.19
2022,MO,7,27.0,38.5,0.2,1.3,0.4,0.5,4.8,True,False,True,23.76
2022,MO,8,21.68,40.7,0.1,0.8,0.0,0.5,5.0,True,False,True,28.11
2022,MT,1,37.85,39.9,0.1,0.8,0.1,0.6,4.6,True,False,True,6.23
2022,MT,2,31.25,40.5,0.1,0.6,0.2,1.0,5.3,True,False,True,16.3
2022,NE,1,36.61,36.1,0.3,2.8,0.0,0.5,4.1,True,False,True,8.67
2022,NE,2,42.83,35.9,0.3,4.0,0.1,0.2,4.5,True,False,True,-0.17
2022,NE,3,24.81,40.6,0.4,0.6,0.1,0.3,3.1,True,False,True,28.89
2022,NV,1,24.81,38.9,2.5,8.0,0.6,0.5,5.5,False,False,True,-2.61
2022,NV,2,28.21,40.2,0.2,4.0,0.4,0.6,5.3,True,False,True,8.05
2022,NV,3,33.65,39.7,2.1,17.3,0.8,0.6,6.5,False,False,True,-1.46
2022,NV,4,21.15,36.9,1.1,6.1,0.8,0.6,5.5,False,False,True,-2.59
2022,NH,1,42.02,42.8,0.1,2.7,0.0,0.4,4.2,False,False,True,-0.06
2022,NH,2,40.58,43.8,0.0,2.6,0.1,0.5,4.5,False,False,True,-1.71
2022,NJ,1,35.86,39.3,0.5,5.2,0.0,0.5,4.6,False,False,True,-10.32
2022,NJ,2,31.4,43.1,0.5,3.7,0.0,0.8,3.8,True,False,True,4.81
2022,NJ,3,46.010000000000005,43.0,0.3,8.4,0.0,1.0,4.3,False,False,True,-4.61
2022,NJ,4,40.76,41.6,0.8,2.5,0.0,1.0,3.3,True,False,True,14.13
2022,NJ,5,53.34,42.9,1.1,16.1,0.0,1.0,2.8,False,False,True,-3.72
2022,NJ,6,42.78,38.0,0.5,17.4,0.0,0.7,2.8,False,False,True,-7.95
2022,NJ,7,56.45,44.1,0.8,8.4,0.0,0.3,4.3,True,False,True,1.33
2022,NJ,8,40.63,35.4,4.0,10.7,0.0,2.2,3.2,False,False,True,-21.95
2022,NJ,9,33.19,38.9,1.5,8.1,0.0,1.1,2.8,False,False,True,-8.31
2022,NJ,10,32.24,37.9,0.5,6.6,0.0,1.7,4.2,False,False,True,-30.01
2022,NJ,11,58.9,41.4,0.8,12.2,0.0,0.7,3.7,False,False,True,-5.8
2022,NJ,12,49.55,40.9,0.6,20.5,0.0,0.6,3.3,False,False,True,-12.09
2022,NM,1,39.11,40.6,0.5,2.6,0.1,0.4,3.4,False,False,True,-4.7
2022,NM,2,23.26,36.9,0.5,1.1,0.0,0.4,2.9,False,False,True,-1.12
2022,NM,3,28.22,40.4,0.2,1.3,0.0,0.3,3.0,False,False,True,-3.59
2022,ND,0,31.83,36.2,0.1,1.6,0.4,0.4,3.7,True,False,True,19.85
2022,OH,1,46.63,37.2,0.2,4.5,0.0,0.5,4.4,False,False,True,-1.75
2022,OH,2,21.12,41.1,0.1,0.4,0.0,0.5,3.4,True,False,True,24.87
2022,OH,3,45.39,34.5,0.1,5.4,0.0,0.5,6.1,False,False,True,-19.71
2022,OH,4,29.85,40.7,0.0,2.6,0.1,0.5,4.8,True,False,True,20.49
2022,OH,5,25.89,40.9,0.1,0.9,0.1,0.3,3.6,True,False,True,15.48
2022,OH,6,22.17,43.2,0.1,0.4,0.0,0.3,3.8,True,False,True,16.11
2022,OH,7,38.81,42.9,0.2,3.1,0.0,0.1,3.6,True,False,True,6.98
2022,OH,8,30.67,39.0,0.1,2.9,0.1,0.5,4.3,True,False,True,13.74
2022,OH,9,27.53,41.1,0.1,1.5,0.0,0.8,4.5,False,False,True,3.22
2022,OH,10,33.22,39.4,0.1,2.4,0.0,0.5,5.1,True,False,True,4.12
2022,OH,11,34.17,38.5,0.3,2.6,0.0,0.6,4.0,False,False,True,-27.63
2022,OH,12,27.33,40.0,0.0,1.9,0.0,0.8,4.0,True,False,True,17.58
2022,OH,13,34.76,41.7,0.1,3.4,0.0,0.4,5.3,False,False,True,0.64
2022,OH,14,29.78,42.9,0.1,1.0,0.0,0.3,4.3,True,False,True,9.45
2022,OH,15,33.36,36.9,0.0,4.4,0.1,0.2,6.3,True,False,True,5.92
2022,OK,1,33.54,36.7,0.1,3.4,0.2,0.4,8.6,True,False,True,13.88
2022,OK,2,20.21,39.7,0.0,0.9,0.1,0.2,11.4,True,False,True,28.89
2022,OK,3,22.41,35.5,0.1,1.6,0.3,0.1,6.8,True,False,True,24.38
2022,OK,4,27.68,36.3,0.1,2.4,0.1,0.3,9.4,True,False,True,18.55
2022,OK,5,38.38,37.6,0.1,3.1,0.0,0.4,9.1,True,False,True,12.4
2022,OR,1,45.91,38.3,0.2,9.9,0.4,0.4,6.3,False,False,True,-17.74
2022,OR,2,23.55,43.1,0.1,1.2,0.1,0.7,5.1,True,False,True,15.21
2022,OR,3,40.84,39.3,0.6,7.2,0.5,0.6,6.9,False,False,True,-22.18
2022,OR,4,33.59,42.5,0.3,2.7,0.1,0.8,6.6,False,False,True,-4.05
2022,OR,5,38.68,41.8,0.0,2.8,0.2,0.5,5.4,True,False,True,-1.82
2022,OR,6,35.07,38.8,0.2,3.3,0.8,0.7,5.5,False,False,True,-4.06
2022,PA,1,43.99,44.2,0.4,5.9,0.0,0.6,3.9,True,False,True,0.13
2022,PA,2,29.730000000000004,36.7,0.2,9.8,0.0,1.0,3.1,False,False,True,-20.46
2022,PA,3,44.09,33.8,0.2,6.0,0.0,0.7,4.0,False,False,True,-38.99
2022,PA,4,49.27,42.1,0.2,6.3,0.0,0.6,3.5,False,False,True,-7.01
2022,PA,5,41.74,38.7,0.1,6.8,0.0,0.2,4.6,False,False,True,-13.97
2022,PA,6,47.900000000000006,39.9,0.4,5.2,0.0,0.4,3.8,False,False,True,-4.76
2022,PA,7,31.5,40.9,0.4,3.1,0.0,0.4,3.1,False,False,True,2.12
2022,PA,8,28.0,43.1,0.2,1.9,0.1,0.6,4.3,False,False,True,4.12
2022,PA,9,23.74,43.2,0.2,0.7,0.0,0.6,2.9,True,False,True,21.03
2022,PA,10,35.45,39.6,0.2,4.6,0.0,0.6,4.0,True,False,True,4.85
2022,PA,11,30.79,40.5,0.4,2.1,0.0,0.3,3.4,True,False,True,13.42
2022,PA,12,41.79,39.7,0.1,3.9,0.0,0.4,4.9,False,False,True,-7.85
2022,PA,13,21.61,43.6,0.1,0.8,0.0,0.4,3.5,True,False,True,25.12
2022,PA,14,27.23,45.1,0.2,0.7,0.0,0.4,4.7,True,False,True,18.07
2022,PA,15,24.54,42.7,0.1,1.6,0.1,0.1,2.6,True,False,True,20.79
2022,PA,16,30.57,42.9,0.1,1.3,0.0,0.6,3.8,True,False,True,12.71
2022,PA,17,43.7,43.7,0.0,3.4,0.0,0.3,4.8,False,False,True,-0.37
2022,RI,1,39.01,39.9,0.1,3.4,0.0,1.4,6.2,False,False,True,-12.39
2022,RI,2,40.26,41.2,0.3,3.4,0.0,0.4,4.2,False,False,True,-4.24
2022,SC,1,43.27,41.3,0.2,1.7,0.0,0.5,4.3,True,False,True,7.24
2022,SC,2,37.04,40.0,0.2,2.1,0.0,0.7,3.7,True,False,True,8.27
2022,SC,3,26.34,41.3,0.2,0.8,0.1,0.3,4.0,True,False,True,21.15
2022,SC,4,36.74,38.4,0.4,2.7,0.0,0.9,3.1,True,False,True,12.22
2022,SC,5,30.46,40.5,0.4,2.0,0.0,0.6,3.7,True,False,True,11.53
2022,SC,6,29.18,37.1,0.1,1.4,0.1,0.5,2.9,False,False,True,-14.33
2022,SC,7,25.12,45.0,0.1,1.1,0.0,0.3,3.6,True,False,True,11.48
2022,SD,0,31.590000000000003,38.5,0.1,1.4,0.1,0.3,4.5,True,False,True,16.05
2022,TN,1,23.98,43.9,0.1,0.8,0.1,0.4,3.6,True,False,True,30.06
2022,TN,2,33.44,40.3,0.1,1.7,0.0,0.3,3.0,True,False,True,17.82
2022,TN,3,29.380000000000003,40.8,0.2,1.2,0.0,0.4,5.3,True,False,True,18.8
2022,TN,4,25.28,37.9,0.2,2.0,0.1,0.4,5.0,True,False,True,21.77
2022,TN,5,48.48,39.0,0.5,4.0,0.0,0.4,3.7,True,False,True,8.56
2022,TN,6,28.4,39.6,0.2,1.3,0.0,0.3,3.6,True,False,True,17.3
2022,TN,7,33.61,35.5,0.2,1.8,0.2,0.6,4.8,True,False,True,10.05
2022,TN,8,28.53,41.3,0.1,2.1,0.0,0.3,4.3,True,False,True,21.23
2022,TN,9,28.71,34.8,0.3,1.8,0.1,0.3,2.2,False,False,True,-22.39
2022,TX,1,22.12,39.1,0.0,1.1,0.2,0.2,3.9,True,False,True,25.53
2022,TX,2,40.84,36.2,1.1,4.5,0.1,0.6,4.3,True,False,True,14.84
2022,TX,3,51.03,37.8,0.2,13.5,0.1,0.4,3.9,True,False,True,10.92
2022,TX,4,44.98,38.8,0.2,12.2,0.2,0.6,3.7,True,False,True,16.39
2022,TX,5,24.43,37.1,0.3,3.9,0.0,0.5,3.0,True,False,True,14.24
2022,TX,6,27.01,36.0,0.1,4.1,0.1,0.6,3.5,True,False,True,15.12
2022,TX,7,47.86,33.9,1.5,18.2,0.1,0.6,3.1,False,False,True,-13.29
2022,TX,8,33.67,36.1,0.9,5.8,0.1,0.3,3.4,True,False,True,16.44
2022,TX,9,30.520000000000003,34.6,0.4,8.7,0.0,0.5,2.3,False,False,True,-25.68
2022,TX,10,41.7,36.5,0.6,5.3,0.1,0.6,4.1,True,False,True,12.59
2022,TX,11,24.17,33.9,0.6,1.8,0.2,0.5,3.4,True,False,True,22.83
2022,TX,12,34.67,36.5,0.5,4.7,0.3,0.4,3.1,True,False,True,12.26
2022,TX,13,25.26,36.2,0.2,2.0,0.2,0.5,4.3,True,False,True,26.05
2022,TX,14,26.520000000000003,38.2,0.3,2.8,0.0,0.4,3.1,True,False,True,16.52
2022,TX,15,23.73,32.5,0.2,1.2,0.1,0.1,0.9,True,False,True,1.36
2022,TX,16,26.71,33.6,0.1,1.4,0.2,0.4,1.2,False,False,True,-17.06
2022,TX,17,26.74,35.9,0.3,2.0,0.1,0.3,4.2,True,False,True,14.32
2022,TX,18,28.21,32.6,0.5,4.5,0.0,0.3,2.9,False,False,True,-23.16
2022,TX,19,25.79,33.7,0.0,1.5,0.0,0.2,3.4,True,False,True,25.92
2022,TX,20,25.380000000000003,33.7,0.2,4.1,0.1,0.3,2.3,False,False,True,-14.88
2022,TX,21,48.43,40.2,0.3,1.9,0.1,0.7,3.8,True,False,True,13.16
2022,TX,22,46.67,37.3,0.4,15.2,0.2,0.4,4.5,True,False,True,11.05
2022,TX,23,31.23,34.6,0.1,2.1,0.0,0.3,2.1,True,False,True,5.27
2022,TX,24,54.91,38.8,0.3,8.9,0.1,0.7,5.5,True,False,True,9.81
2022,TX,25,30.26,37.3,0.2,2.7,0.2,0.4,3.2,True,False,True,18.66
2022,TX,26,48.09,37.9,0.5,10.3,0.1,0.4,5.2,True,False,True,13.04
2022,TX,27,20.700000000000003,38.2,0.3,1.5,0.0,0.1,2.3,True,False,True,13.32
2022,TX,28,21.51,33.7,0.2,0.8,0.1,0.3,1.5,False,False,True,-3.2
2022,TX,29,13.12,33.1,0.3,1.9,0.1,0.3,1.0,False,False,True,-18.44
2022,TX,30,30.34,33.6,0.2,3.7,0.1,0.4,2.6,False,False,True,-26.8
2022,TX,31,40.06,37.2,0.2,5.9,0.3,0.6,5.1,True,False,True,13.72
2022,TX,32,41.11,32.5,1.6,7.8,0.1,0.3,3.2,False,False,True,-14.05
2022,TX,33,22.130000000000003,32.2,0.4,7.8,0.1,0.2,2.1,False,False,True,-23.68
2022,TX,34,19.06,31.0,0.3,0.6,0.0,0.0,0.5,False,False,True,-8.6
2022,TX,35,35.0,33.2,0.5,3.4,0.1,1.0,3.0,False,False,True,-20.97
2022,TX,36,24.06,36.7,0.2,4.4,0.1,0.2,3.6,True,False,True,18.29
2022,TX,37,61.98,35.1,1.0,8.7,0.1,0.6,4.3,False,False,True,-24.29
2022,TX,38,51.25,38.2,1.2,10.1,0.0,0.4,3.0,True,False,True,12.38
2022,UT,1,40.010000000000005,32.0,0.1,2.0,0.6,0.7,3.3,True,False,True,12.3
2022,UT,2,33.64,33.7,0.1,2.9,1.9,0.2,3.6,True,False,True,11.24
2022,UT,3,44.09,30.8,0.0,1.8,0.9,0.6,4.2,True,False,True,13.08
2022,UT,4,34.71,31.5,0.1,2.9,1.0,0.3,3.0,True,False,True,15.94
2022,VT,0,44.23,43.2,0.1,1.8,0.0,0.4,4.2,False,False,True,-15.54
2022,VA,1,48.13,41.8,0.4,5.4,0.1,0.9,4.3,True,False,True,6.34
2022,VA,2,37.92,39.3,0.3,5.0,0.1,0.6,5.7,True,False,True,2.05
2022,VA,3,29.0,34.5,0.2,3.0,0.3,0.6,5.4,False,False,True,-17.04
2022,VA,4,33.32,37.2,0.1,2.7,0.1,0.3,4.7,False,False,True,-15.75
2022,VA,5,33.52,41.4,0.1,1.9,0.1,0.8,4.6,True,False,True,6.62
2022,VA,6,28.95,40.8,0.6,1.4,0.0,0.6,3.6,True,False,True,13.83
2022,VA,7,37.9,37.8,0.5,5.7,0.0,0.8,5.9,False,False,True,-0.88
2022,VA,8,67.42,37.6,0.4,12.0,0.0,0.8,5.5,False,False,True,-26.27
2022,VA,9,24.12,44.0,0.1,1.6,0.0,0.7,2.8,True,False,True,23.32
2022,VA,10,55.74,38.0,0.4,15.7,0.0,0.6,4.2,False,False,True,-5.92
2022,VA,11,68.1,39.2,0.3,22.1,0.1,0.9,4.9,False,False,True,-18.29
2022,WA,1,53.07,38.0,0.1,22.3,0.3,0.7,6.7,False,False,True,-13.31
2022,WA,2,36.61,40.0,0.1,6.5,0.6,0.8,6.2,False,False,True,-9.29
2022,WA,3,28.6,40.4,0.2,3.5,0.5,0.5,6.1,False,False,True,4.62
2022,WA,4,23.49,35.0,0.1,1.6,0.1,0.6,3.8,True,False,True,11.41
2022,WA,5,33.53,38.6,0.2,2.4,0.5,0.6,5.9,True,False,True,7.74
2022,WA,6,35.379999999999995,42.5,0.1,3.8,0.6,0.6,7.5,False,False,True,-6.31
2022,WA,7,65.85,36.2,0.1,15.0,0.2,0.9,7.2,False,False,True,-36.5
2022,WA,8,42.1,39.7,0.1,10.9,0.7,0.6,6.8,False,False,True,-1.05
2022,WA,9,41.69,38.2,0.2,24.2,1.5,0.4,7.6,False,False,True,-21.11
2022,WA,10,30.78,36.5,0.2,7.5,1.7,0.9,9.5,False,False,True,-6.66
2022,WV,1,22.49,43.8,0.0,0.6,0.0,0.2,3.3,True,False,True,23.23
2022,WV,2,27.08,42.0,0.1,0.9,0.0,0.4,4.2,True,False,True,21.52
2022,WI,1,30.49,40.5,0.1,1.9,0.2,0.5,4.5,True,False,True,3.1
2022,WI,2,48.61,37.7,0.1,4.6,0.0,0.2,4.5,False,False,True,-18.93
2022,WI,3,28.17,39.5,0.1,2.2,0.0,0.3,3.1,True,False,True,4.36
2022,WI,4,33.75,34.3,0.2,5.1,0.0,0.4,4.1,False,False,True,-24.76
2022,WI,5,40.7,42.9,0.1,3.0,0.0,0.4,3.1,True,False,True,14.29
2022,WI,6,27.96,42.7,0.1,2.5,0.0,0.3,3.0,True,False,True,10.24
2022,WI,7,26.27,45.4,0.1,1.6,0.0,0.4,3.6,True,False,True,12.27
2022,WI,8,30.21,41.3,0.1,2.4,0.0,0.2,3.6,True,False,True,10.16
2022,WY,0,29.55,39.1,0.1,0.6,0.1,0.9,3.9,True,False,True,25.27
2024,AK,0,32.23,36.5,7.5,57.7,2.8,13.0,5.9,True,False,False,8.02
2024,AZ,1,52.42,42.5,16.9,69.0,3.8,1.1,5.0,True,False,False,2.01
2024,AZ,2,26.45,42.6,18.1,54.5,2.9,17.3,1.3,True,False,False,6.35
2024,AZ,3,20.61,31.5,62.6,19.4,11.0,1.2,2.2,False,False,False,-24.02
2024,AZ,4,40.14,35.8,29.2,52.7,4.9,1.8,5.8,False,False,False,-2.27
2024,AZ,5,40.96,38.5,19.6,64.4,3.0,1.0,6.2,True,False,False,11.11
2024,AZ,6,38.89,46.0,26.3,60.8,3.4,1.1,2.8,True,False,False,2.66
2024,AZ,7,22.29,34.1,60.3,28.6,3.5,2.5,1.8,False,False,False,-14.98
2024,AZ,8,32.96,43.5,21.1,63.8,3.5,1.2,4.3,True,False,False,9.69
2024,AZ,9,24.03,41.9,30.8,56.4,4.5,0.9,2.0,True,False,False,15.64
2024,AR,1,18.76,40.4,4.3,73.7,15.8,0.3,0.7,True,False,False,22.37
2024,AR,2,32.87,38.9,6.4,66.7,21.0,0.2,1.6,True,False,False,9.03
2024,AR,3,32.83,35.8,17.5,60.4,2.4,0.7,3.4,True,False,False,14.91
2024,AR,4,20.12,40.9,7.8,68.1,18.6,0.3,0.7,True,False,False,19.55
2024,CA,1,23.200000000000003,38.5,24.2,59.9,1.7,1.2,6.0,True,False,False,12.21
2024,CA,2,43.72,44.9,21.4,64.3,1.6,1.1,4.2,False,False,False,-23.19
2024,CA,3,43.0,44.0,15.2,66.5,1.7,0.4,8.9,True,False,False,3.72
2024,CA,4,35.49,39.6,32.9,48.8,2.9,0.4,9.0,False,False,False,-16.71
2024,CA,5,31.33,41.4,29.3,55.8,2.4,0.5,5.9,True,False,False,8.73
2024,CA,6,31.47,37.6,24.3,45.3,9.0,0.3,11.6,False,False,False,-7.39
2024,CA,7,36.57,37.6,27.2,30.8,9.6,0.2,23.2,False,False,False,-17.4
2024,CA,8,30.59,39.3,37.8,22.6,13.0,0.1,18.8,False,False,False,-26.09
2024,CA,9,23.51,36.0,42.5,26.9,6.9,0.2,17.8,False,False,False,-4.58
2024,CA,10,57.0,41.5,17.6,46.9,4.8,0.2,22.9,False,False,False,-17.91
2024,CA,11,64.05,40.3,15.2,40.6,4.6,0.1,32.4,False,False,False,-36.7
2024,CA,12,52.97,38.6,24.8,32.0,14.2,0.1,20.5,False,False,False,-39.7
2024,CA,13,14.49,32.7,66.1,20.3,2.4,0.1,7.1,False,False,False,-3.85
2024,CA,14,47.81999999999999,40.2,23.5,24.8,5.2,0.2,40.1,False,False,False,-21.7
2024,CA,15,50.13,41.4,25.6,26.8,2.4,0.2,38.2,False,False,False,-27.74
2024,CA,16,64.75,40.1,19.5,40.7,1.5,0.2,31.6,False,False,False,-25.63
2024,CA,17,64.49000000000001,37.7,15.0,19.9,2.5,0.2,58.4,False,False,False,-23.31
2024,CA,18,23.79,35.0,66.8,17.4,1.9,0.1,10.5,False,False,False,-21.38
2024,CA,19,48.040000000000006,42.1,26.1,46.0,2.1,0.2,19.8,False,False,False,-18.46
2024,CA,20,28.68,35.7,36.2,46.0,3.3,0.4,8.3,True,False,False,15.59
2024,CA,21,16.59,32.3,65.5,17.5,3.8,0.5,9.4,False,False,False,-8.7
2024,CA,22,9.83,30.5,76.0,14.0,4.2,0.5,3.3,False,False,False,-5.07
2024,CA,23,22.08,35.4,43.5,37.4,9.0,0.3,4.2,True,False,False,7.69
2024,CA,24,40.16,37.6,39.2,49.6,1.4,0.2,5.1,False,False,False,-12.57
2024,CA,25,18.07,36.4,68.3,21.6,3.1,0.6,3.1,False,False,False,-6.18
2024,CA,26,39.18,39.7,44.8,40.4,1.8,0.1,7.6,False,False,False,-7.96
2024,CA,27,30.54,38.4,44.5,30.8,9.3,0.1,11.0,False,False,False,-4.05
2024,CA,28,49.18,43.0,29.0,25.1,3.2,0.5,37.9,False,False,False,-15.55
2024,CA,29,24.53,36.4,65.7,20.0,4.0,0.1,7.3,False,False,False,-25.79
2024,CA,30,51.760000000000005,39.9,23.7,53.8,4.0,0.1,12.5,False,False,False,-22.67
2024,CA,31,25.14,39.4,61.1,13.6,2.7,0.2,19.3,False,False,False,-14.83
2024,CA,32,53.52,41.2,26.1,49.3,4.4,0.2,14.1,False,False,False,-19.53
2024,CA,33,21.55,33.7,64.3,15.9,8.4,0.2,7.2,False,False,False,-11.71
2024,CA,34,30.35,37.0,63.9,11.3,4.1,0.2,17.6,False,False,False,-32.46
2024,CA,35,24.19,35.2,65.5,12.6,5.9,0.2,12.7,False,False,False,-13.32
2024,CA,36,67.72999999999999,40.5,15.7,54.0,4.2,0.1,17.6,False,False,False,-20.81
2024,CA,37,30.6,35.2,53.7,12.7,21.2,0.1,7.2,False,False,False,-36.63
2024,CA,38,30.22,40.5,61.7,12.0,2.4,0.2,21.4,False,False,False,-14.33
2024,CA,39,21.03,33.2,63.5,18.7,7.8,0.1,5.9,False,False,False,-11.86
2024,CA,40,51.46,42.5,26.0,45.7,2.4,0.0,20.0,True,False,False,1.86
2024,CA,41,31.92,40.8,42.0,39.3,5.4,0.2,7.8,True,False,False,3.17
2024,CA,42,26.39,37.3,65.0,19.0,5.4,0.2,7.0,False,False,False,-22.37
2024,CA,43,22.91,36.4,60.6,7.0,20.7,0.2,8.5,False,False,False,-31.98
2024,CA,44,23.37,37.4,63.8,11.2,9.5,0.1,11.2,False,False,False,-24.0
2024,CA,45,40.27,41.2,31.7,23.9,1.7,0.2,38.6,False,False,False,-2.14
2024,CA,46,22.17,35.7,65.4,14.4,1.4,0.1,16.0,False,False,False,-14.93
2024,CA,47,59.77,38.6,16.7,49.0,1.9,0.2,25.9,False,False,False,-3.28
2024,CA,48,36.06,40.1,28.0,52.7,3.9,0.5,7.9,True,False,False,9.33
2024,CA,49,49.38,40.8,27.0,57.4,2.1,0.1,6.7,False,False,False,-3.14
2024,CA,50,59.92,37.2,24.2,51.6,2.4,0.1,14.0,False,False,False,-14.38
2024,CA,51,46.99,36.4,26.2,43.8,5.5,0.2,16.5,False,False,False,-11.56
2024,CA,52,26.380000000000003,36.6,61.2,13.5,7.5,0.2,13.3,False,False,False,-18.28
2024,CO,1,57.85,35.5,27.9,54.1,8.1,0.2,3.7,False,False,False,-28.92
2024,CO,2,61.07,38.3,14.4,75.8,1.0,0.2,3.5,False,False,False,-17.5
2024,CO,3,33.63,42.4,25.9,66.7,0.8,1.1,0.9,True,False,False,7.06
2024,CO,4,47.5,39.6,15.5,74.0,1.7,0.2,3.4,True,False,False,12.85
2024,CO,5,44.510000000000005,35.3,19.2,65.0,5.7,0.2,3.1,True,False,False,8.94
2024,CO,6,45.14,37.2,24.6,54.0,9.2,0.1,5.5,False,False,False,-9.01
2024,CO,7,50.26,41.3,15.7,74.6,1.2,0.4,3.2,False,False,False,-3.89
2024,CO,8,30.69,35.1,38.8,51.2,2.0,0.2,3.0,True,False,False,0.45
2024,CT,1,39.74,41.2,18.3,56.7,14.2,0.0,6.4,False,False,False,-11.75
2024,CT,2,40.39,42.5,10.8,76.9,3.9,0.2,3.2,False,False,False,-2.86
2024,CT,3,40.77,41.6,17.3,59.9,13.3,0.1,4.8,False,False,False,-7.32
2024,CT,4,55.17,40.7,22.7,55.3,10.2,0.1,6.5,False,False,False,-13.07
2024,CT,5,38.77,41.3,24.0,57.8,8.2,0.1,3.3,False,False,False,-2.66
2024,DE,0,36.47,42.0,11.1,58.0,21.7,0.1,4.3,False,False,False,-6.74
2024,FL,1,33.34,39.2,8.5,68.7,12.5,0.3,2.8,True,False,False,19.31
2024,FL,2,32.11,39.9,7.8,62.8,21.4,0.3,2.1,True,False,False,7.7
2024,FL,3,29.61,40.6,12.4,64.5,14.3,0.2,3.1,True,False,False,9.24
2024,FL,4,29.05,38.9,10.5,51.6,29.6,0.1,2.7,True,False,False,5.88
2024,FL,5,45.84,39.1,12.6,64.3,10.9,0.1,6.2,True,False,False,10.86
2024,FL,6,27.06,48.4,14.4,68.7,11.1,0.1,1.5,True,False,False,13.98
2024,FL,7,37.21,41.9,22.5,59.6,9.4,0.1,3.7,True,False,False,5.1
2024,FL,8,33.08,48.6,12.8,70.6,8.9,0.0,2.2,True,False,False,11.37
2024,FL,9,34.88,37.8,53.4,27.4,9.6,0.1,4.1,False,False,False,-8.05
2024,FL,10,37.03,35.3,30.4,33.3,24.9,0.1,4.6,False,False,False,-14.3
2024,FL,11,39.150000000000006,45.9,19.6,58.7,12.2,0.1,3.5,True,False,False,8.04
2024,FL,12,24.44,47.2,15.9,73.2,3.9,0.3,2.0,True,False,False,16.58
2024,FL,13,35.35,50.7,11.4,73.2,6.6,0.1,3.8,True,False,False,5.58
2024,FL,14,41.66,40.1,27.5,47.7,14.9,0.0,3.6,False,False,False,-8.13
2024,FL,15,34.33,37.3,27.1,46.2,15.7,0.1,5.5,True,False,False,3.67
2024,FL,16,37.52,43.7,23.2,58.4,10.6,0.0,3.2,True,False,False,6.99
2024,FL,17,33.98,55.4,15.6,74.3,4.9,0.1,1.6,True,False,False,10.15
2024,FL,18,23.27,40.9,30.7,51.9,12.1,0.2,1.8,True,False,False,13.39
2024,FL,19,37.79,53.8,20.5,67.2,7.1,0.1,1.8,True,False,False,12.91
2024,FL,20,25.86,39.6,24.8,18.1,49.3,0.1,2.2,False,False,False,-25.1
2024,FL,21,36.05,48.5,19.3,61.8,12.9,0.1,1.9,True,False,False,6.86
2024,FL,22,40.650000000000006,46.5,28.1,48.1,16.5,0.1,2.8,False,False,False,-7.26
2024,FL,23,44.19,44.2,23.9,51.8,12.1,0.1,4.0,False,False,False,-4.81
2024,FL,24,34.620000000000005,38.8,39.2,16.6,39.1,0.1,1.5,False,False,False,-24.64
2024,FL,25,42.34,41.7,44.7,29.0,15.4,0.1,4.9,False,False,False,-9.2
2024,FL,26,31.89,44.1,72.3,19.9,4.8,0.1,1.1,True,False,False,8.41
2024,FL,27,45.15,42.3,71.6,17.2,5.3,0.1,2.1,True,False,False,-0.15
2024,FL,28,31.04,41.0,74.0,14.1,8.2,0.0,1.5,True,False,False,2.37
2024,HI,1,40.53,41.0,8.9,14.5,1.6,0.1,48.1,False,False,False,-13.6
2024,HI,2,33.32,41.7,11.4,27.3,1.5,0.1,23.9,False,False,False,-13.7
2024,ID,1,30.62,39.4,12.8,79.1,0.7,0.7,1.3,True,False,False,22.18
2024,ID,2,33.83,35.9,14.9,77.6,0.9,0.7,1.3,True,False,False,14.5
2024,IL,1,30.93,39.3,11.1,35.1,47.3,0.1,2.1,False,False,False,-20.38
2024,IL,2,25.53,39.8,16.3,34.0,45.1,0.1,1.0,False,False,False,-18.75
2024,IL,3,37.53,37.6,46.3,39.2,4.8,0.1,7.0,False,False,False,-19.8
2024,IL,4,25.630000000000003,37.9,64.2,24.6,5.2,0.1,4.4,False,False,False,-22.46
2024,IL,5,67.07,37.5,12.4,69.2,3.0,0.1,10.2,False,False,False,-18.34
2024,IL,6,45.010000000000005,42.3,16.4,69.8,5.3,0.0,5.7,False,False,False,-3.27
2024,IL,7,49.21,36.0,17.9,30.4,38.6,0.0,9.3,False,False,False,-35.72
2024,IL,8,41.03,40.8,26.8,52.1,4.4,0.1,13.2,False,False,False,-6.0
2024,IL,9,57.49,41.0,14.1,57.6,8.2,0.1,14.7,False,False,False,-19.44
2024,IL,10,46.86,39.3,25.6,55.2,5.8,0.0,8.3,False,False,False,-10.98
2024,IL,11,46.24,39.8,19.9,62.0,5.3,0.1,8.8,False,False,False,-5.3
2024,IL,12,23.79,41.8,3.1,86.7,5.3,0.1,0.8,True,False,False,23.97
2024,IL,13,33.379999999999995,38.7,4.6,65.9,18.8,0.2,4.1,False,False,False,-3.44
2024,IL,14,33.52,38.2,23.9,56.8,9.2,0.1,5.7,False,False,False,-3.56
2024,IL,15,25.98,42.1,3.0,90.1,2.5,0.1,0.9,True,False,False,21.95
2024,IL,16,31.9,42.1,7.8,83.5,2.3,0.1,2.5,True,False,False,13.46
2024,IL,17,24.55,39.1,11.7,67.7,12.5,0.2,1.9,False,False,False,-1.91
2024,IN,1,26.16,40.3,17.8,59.8,16.8,0.0,1.6,False,False,False,-2.77
2024,IN,2,25.16,38.3,12.2,75.2,6.2,0.1,1.6,True,False,False,13.95
2024,IN,3,26.65,37.9,7.0,80.3,5.4,0.0,2.9,True,False,False,17.97
2024,IN,4,32.0,37.0,7.5,80.7,4.4,0.1,3.4,True,False,False,17.72
2024,IN,5,42.4,38.5,5.2,80.8,4.8,0.1,3.8,True,False,False,11.21
2024,IN,6,28.96,38.0,6.0,78.2,5.9,0.1,5.2,True,False,False,19.18
2024,IN,7,38.07,34.8,15.3,45.6,31.2,0.0,2.2,False,False,False,-18.95
2024,IN,8,23.73,40.3,3.4,87.6,3.3,0.2,1.0,True,False,False,19.03
2024,IN,9,28.72,40.1,4.3,86.9,2.2,0.0,2.0,True,False,False,16.18
2024,IA,1,32.54,39.3,5.9,83.6,4.0,0.1,2.0,True,False,False,3.49
2024,IA,2,29.61,40.6,4.1,86.2,4.2,0.3,1.5,True,False,False,4.28
2024,IA,3,36.96,37.9,8.8,77.9,5.3,0.0,3.9,True,False,False,2.52
2024,IA,4,26.86,38.9,10.4,81.9,2.2,0.3,1.9,True,False,False,15.52
2024,KS,1,31.03,36.5,16.3,74.2,2.8,0.6,1.7,True,False,False,17.87
2024,KS,2,28.270000000000003,38.6,13.2,71.4,6.8,0.6,1.9,True,False,False,10.78
2024,KS,3,51.93000000000001,38.8,10.8,75.1,5.1,0.2,3.7,False,False,False,1.0
2024,KS,4,31.04,37.6,14.3,70.2,6.1,0.5,3.0,True,False,False,13.99
2024,KY,1,20.98,40.2,3.8,84.3,6.2,0.2,0.6,True,False,False,24.02
2024,KY,2,23.14,39.2,4.8,83.4,5.5,0.1,1.6,True,False,False,21.15
2024,KY,3,35.99,38.1,8.4,61.6,20.7,0.1,2.9,False,False,False,-8.6
2024,KY,4,31.66,39.1,4.5,86.8,3.2,0.1,1.0,True,False,False,19.33
2024,KY,5,17.060000000000002,41.6,1.3,93.3,1.5,0.1,0.4,True,False,False,32.24
2024,KY,6,38.61,37.4,6.3,79.4,7.5,0.1,2.1,True,False,False,8.52
2024,ME,1,45.64,44.5,2.4,88.2,1.9,0.1,1.4,False,False,False,-8.76
2024,ME,2,28.15,45.2,2.0,90.8,1.6,0.6,0.8,False,False,False,5.57
2024,MD,1,35.39,42.0,6.2,71.3,14.8,0.0,2.5,True,False,False,10.6
2024,MD,2,46.56999999999999,40.4,6.9,59.0,23.4,0.1,5.8,False,False,False,-7.47
2024,MD,3,52.82,40.1,10.4,55.8,15.9,0.1,11.1,False,False,False,-9.62
2024,MD,4,34.19,38.1,27.7,9.8,53.1,0.1,4.8,False,False,False,-39.51
2024,MD,5,41.68,40.0,7.9,40.8,42.2,0.1,2.9,False,False,False,-15.08
2024,MD,6,41.07,40.0,15.0,58.2,12.0,0.2,9.1,False,False,False,-1.97
2024,MD,7,32.9,36.7,8.6,29.2,54.6,0.1,3.0,False,False,False,-30.11
2024,MD,8,64.56,40.9,19.5,43.0,17.6,0.1,13.5,False,False,False,-29.49
2024,MA,1,31.61,42.1,19.4,69.1,5.6,0.0,2.1,False,False,False,-8.68
2024,MA,2,47.8,39.9,12.0,69.2,4.3,0.0,7.5,False,False,False,-13.08
2024,MA,3,41.29,40.4,22.3,58.7,4.3,0.1,8.6,False,False,False,-11.41
2024,MA,4,51.21,40.8,7.5,75.0,3.7,0.1,7.2,False,False,False,-11.94
2024,MA,5,61.81,39.5,11.8,62.0,5.1,0.1,12.8,False,False,False,-23.35
2024,MA,6,49.12,42.8,12.3,74.4,3.5,0.1,4.5,False,False,False,-11.01
2024,MA,7,51.03,32.9,22.6,38.0,19.9,0.0,11.3,False,False,False,-35.0
2024,MA,8,52.86,39.0,7.8,63.2,10.3,0.1,10.8,False,False,False,-15.25
2024,MA,9,43.13,47.1,6.5,82.1,2.7,0.1,1.3,False,False,False,-6.29
2024,MI,1,29.27,47.4,2.3,89.1,1.0,2.2,0.4,True,False,False,12.59
2024,MI,2,23.15,41.3,4.8,87.4,1.8,0.5,0.7,True,False,False,16.48
2024,MI,3,39.77,36.3,10.9,69.9,11.0,0.1,2.8,False,False,False,-1.28
2024,MI,4,34.73,37.9,9.4,75.5,7.4,0.2,2.5,True,False,False,4.74
2024,MI,5,24.41,42.5,5.6,84.4,3.9,0.1,0.8,True,False,False,14.56
2024,MI,6,52.28,39.6,5.3,69.0,9.4,0.2,10.7,False,False,False,-10.89
2024,MI,7,37.620000000000005,39.0,6.0,79.8,5.5,0.1,3.8,True,False,False,2.12
2024,MI,8,23.95,41.8,5.7,74.0,15.0,0.2,1.0,False,False,False,1.07
2024,MI,9,29.34,44.1,3.8,88.1,2.5,0.1,1.5,True,False,False,17.54
2024,MI,10,30.13,40.7,3.8,70.5,13.4,0.1,6.6,True,False,False,3.05
2024,MI,11,50.32,41.1,5.7,67.2,13.1,0.0,8.5,False,False,False,-7.38
2024,MI,12,27.44,39.5,3.1,47.3,43.0,0.2,1.9,False,False,False,-22.54
2024,MI,13,22.55,35.4,10.9,36.7,44.3,0.2,2.7,False,False,False,-23.47
2024,MN,1,32.14,39.6,7.5,81.5,3.9,0.3,3.1,True,False,False,7.41
2024,MN,2,42.63,38.4,8.3,73.4,7.2,0.3,5.4,False,False,False,-0.61
2024,MN,3,51.42,41.2,5.4,69.8,10.2,0.2,8.8,False,False,False,-7.54
2024,MN,4,49.7,37.4,7.6,62.3,10.8,0.3,13.6,False,False,False,-16.61
2024,MN,5,53.75,35.1,10.4,61.1,16.8,0.4,5.3,False,False,False,-29.73
2024,MN,6,36.96,37.8,4.5,81.3,5.9,0.2,3.3,True,False,False,11.99
2024,MN,7,25.700000000000003,41.6,5.6,87.4,1.1,0.6,1.2,True,False,False,19.26
2024,MN,8,28.41,43.2,2.2,86.6,1.4,3.4,1.2,True,False,False,8.04
2024,MS,1,25.68,38.3,3.9,63.0,27.0,0.2,0.8,True,False,False,18.35
2024,MS,2,21.29,40.4,2.4,31.4,62.3,0.3,0.6,False,False,False,-11.19
2024,MS,3,28.79,38.7,3.0,57.9,33.2,1.1,1.1,True,False,False,14.74
2024,MS,4,26.18,40.0,5.5,66.5,21.3,0.2,1.2,True,False,False,21.74
2024,MO,1,41.06,37.2,4.8,42.2,44.1,0.1,3.6,False,False,False,-27.32
2024,MO,2,50.25,42.6,3.3,82.7,3.6,0.1,4.6,True,False,False,7.1
2024,MO,3,35.44,39.6,3.6,84.2,4.5,0.2,2.3,True,False,False,16.03
2024,MO,4,25.75,39.1,5.1,84.3,4.6,0.2,0.9,True,False,False,22.62
2024,MO,5,36.47,37.1,12.2,58.4,21.8,0.1,2.0,False,False,False,-10.78
2024,MO,6,27.61,39.9,4.0,86.5,3.7,0.2,1.1,True,False,False,21.19
2024,MO,7,27.02,38.8,6.7,83.9,1.5,0.4,1.4,True,False,False,23.76
2024,MO,8,22.1,40.4,2.5,87.3,3.7,0.2,0.7,True,False,False,28.11
2024,MT,1,38.54,40.3,4.4,84.7,0.3,3.7,0.9,True,False,False,6.23
2024,MT,2,30.53,41.1,4.9,81.9,0.5,7.1,0.7,True,False,False,16.3
2024,NE,1,36.06,36.3,11.8,77.2,2.9,0.2,2.6,True,False,False,8.67
2024,NE,2,44.41,36.2,13.5,68.2,8.6,0.1,4.1,True,False,False,-0.17
2024,NE,3,25.56,40.1,13.4,80.2,1.3,1.1,0.5,True,False,False,28.89
2024,NV,1,26.77,39.3,37.1,37.7,9.7,0.2,8.2,False,False,False,-2.61
2024,NV,2,30.090000000000003,40.6,24.5,62.1,1.7,1.2,4.3,True,False,False,8.05
2024,NV,3,35.11,40.2,22.2,41.7,8.9,0.4,17.9,False,False,False,-1.46
2024,NV,4,22.57,37.8,35.8,36.3,15.2,0.5,5.3,False,False,False,-2.59
2024,NH,1,40.7,43.8,4.7,86.9,1.3,0.1,2.6,False,False,False,-0.06
2024,NH,2,40.8,43.0,4.6,86.0,1.5,0.2,2.6,False,False,False,-1.71
2024,NJ,1,35.47,39.5,16.2,58.5,14.7,0.0,5.1,False,False,False,-10.32
2024,NJ,2,32.41,43.9,18.2,63.1,10.2,0.2,3.6,True,False,False,4.81
2024,NJ,3,45.94,42.6,12.2,61.7,12.7,0.0,7.8,False,False,False,-4.61
2024,NJ,4,39.83,40.5,11.4,78.6,2.5,0.1,2.7,True,False,False,14.13
2024,NJ,5,55.72,43.8,18.0,57.9,4.9,0.1,15.9,False,False,False,-3.72
2024,NJ,6,43.53,39.5,24.1,41.8,10.9,0.1,19.0,False,False,False,-7.95
2024,NJ,7,54.85,43.7,15.0,67.0,4.8,0.1,8.8,True,False,False,1.33
2024,NJ,8,42.53,35.8,51.2,25.5,7.5,0.1,11.2,False,False,False,-21.95
2024,NJ,9,34.18,38.8,43.5,34.7,8.4,0.0,9.5,False,False,False,-8.31
2024,NJ,10,33.71,36.8,22.0,18.4,48.0,0.2,6.5,False,False,False,-30.01
2024,NJ,11,58.89,41.9,17.0,60.5,4.9,0.1,12.4,False,False,False,-5.8
2024,NJ,12,47.33,39.9,24.5,37.3,15.0,0.1,19.6,False,False,False,-12.09
2024,NM,1,40.24,41.4,41.1,45.4,2.7,3.3,2.8,False,False,False,-4.7
2024,NM,2,25.43,38.0,60.9,28.7,1.6,4.7,1.3,False,False,False,-1.12
2024,NM,3,28.56,40.1,43.7,33.8,0.9,16.9,1.0,False,False,False,-3.59
2024,ND,0,33.55,36.3,4.9,81.5,3.0,4.3,1.5,True,False,False,19.85
2024,OH,1,48.66,37.2,5.0,67.5,16.8,0.1,4.2,False,False,False,-1.75
2024,OH,2,21.42,41.9,1.5,91.9,1.6,0.2,0.5,True,False,False,24.87
2024,OH,3,46.05,34.7,7.3,53.3,27.7,0.0,5.8,False,False,False,-19.71
2024,OH,4,28.880000000000003,40.5,2.8,85.1,3.8,0.1,3.3,True,False,False,20.49
2024,OH,5,26.31,40.7,7.6,83.9,3.2,0.1,1.0,True,False,False,15.48
2024,OH,6,21.12,44.3,3.6,85.9,5.1,0.0,0.5,True,False,False,16.11
2024,OH,7,37.54,43.3,4.3,85.8,3.1,0.1,3.0,True,False,False,6.98
2024,OH,8,31.41,38.9,4.9,73.9,13.0,0.1,2.8,True,False,False,13.74
2024,OH,9,27.92,41.0,8.0,74.1,11.3,0.1,1.6,False,False,False,3.22
2024,OH,10,33.05,38.8,4.0,71.1,15.9,0.1,2.1,True,False,False,4.12
2024,OH,11,34.91,38.4,8.2,41.2,42.8,0.1,3.0,False,False,False,-27.63
2024,OH,12,26.62,39.3,2.2,86.8,3.9,0.1,2.1,True,False,False,17.58
2024,OH,13,35.26,41.2,2.9,75.7,11.5,0.1,3.5,False,False,False,0.64
2024,OH,14,28.17,43.0,3.6,85.7,5.1,0.1,1.0,True,False,False,9.45
2024,OH,15,34.28,37.2,6.3,71.7,12.6,0.1,3.8,True,False,False,5.92
2024,OK,1,33.5,36.8,14.8,58.6,8.1,5.3,3.5,True,False,False,13.88
2024,OK,2,19.54,39.7,6.3,62.0,3.1,16.0,0.8,True,False,False,28.89
2024,OK,3,22.89,34.6,21.6,60.4,4.8,4.1,1.0,True,False,False,24.38
2024,OK,4,27.28,37.0,10.9,65.3,6.7,4.6,2.5,True,False,False,18.55
2024,OK,5,39.88,37.3,11.0,62.4,10.4,3.0,3.6,True,False,False,12.4
2024,OR,1,49.99,38.9,15.9,63.3,2.5,0.4,10.2,False,False,False,-17.74
2024,OR,2,24.02,42.1,16.3,74.7,0.6,1.3,0.9,True,False,False,15.21
2024,OR,3,42.38,40.1,15.6,64.0,4.9,0.3,6.8,False,False,False,-22.18
2024,OR,4,32.1,42.5,9.5,78.2,0.8,1.1,2.7,False,False,False,-4.05
2024,OR,5,40.49,42.4,10.2,78.5,1.7,0.3,3.2,False,False,False,-1.82
2024,OR,6,36.6,38.9,22.0,65.9,1.2,0.3,3.4,False,False,False,-4.06
2024,PA,1,44.34,44.0,6.5,79.4,3.3,0.0,6.0,True,False,False,0.13
2024,PA,2,26.3,36.4,25.5,34.4,25.9,0.1,9.4,False,False,False,-20.46
2024,PA,3,45.33,34.7,7.3,32.0,48.6,0.2,6.4,False,False,False,-38.99
2024,PA,4,49.09,41.7,6.7,73.8,9.1,0.1,6.0,False,False,False,-7.01
2024,PA,5,42.51,39.3,7.3,57.7,23.2,0.1,7.1,False,False,False,-13.97
2024,PA,6,49.25,39.6,17.0,69.0,4.4,0.1,5.3,False,False,False,-4.76
2024,PA,7,32.47,41.3,21.3,65.9,4.7,0.1,3.3,True,False,False,2.12
2024,PA,8,27.05,43.4,15.6,71.5,6.4,0.1,2.1,True,False,False,4.12
2024,PA,9,23.38,43.2,7.2,86.3,2.1,0.1,1.0,True,False,False,21.03
2024,PA,10,36.33,40.2,10.9,69.3,9.7,0.1,5.0,True,False,False,4.85
2024,PA,11,30.63,40.1,9.6,81.1,3.2,0.1,2.0,True,False,False,13.42
2024,PA,12,42.73,39.7,3.0,73.3,14.6,0.0,4.1,False,False,False,-7.85
2024,PA,13,21.9,43.8,3.9,89.1,2.0,0.0,0.7,True,False,False,25.12
2024,PA,14,26.55,45.4,1.8,90.9,2.9,0.1,0.7,True,False,False,18.07
2024,PA,15,26.05,42.8,2.2,91.1,2.0,0.1,1.7,True,False,False,20.79
2024,PA,16,29.66,43.1,3.0,87.7,4.1,0.0,1.2,True,False,False,12.71
2024,PA,17,46.39,43.5,2.6,82.1,7.0,0.1,3.1,False,False,False,-0.37
2024,RI,1,38.21,40.8,20.4,63.2,5.4,0.2,3.5,False,False,False,-12.39
2024,RI,2,39.85,40.8,15.7,72.0,4.3,0.1,3.2,False,False,False,-4.24
2024,SC,1,44.98,41.4,8.0,68.1,18.2,0.1,1.6,True,False,False,7.24
2024,SC,2,35.82,39.9,7.7,59.6,24.8,0.1,2.1,True,False,False,8.27
2024,SC,3,26.46,40.1,6.4,70.7,16.5,0.2,0.9,True,False,False,21.15
2024,SC,4,37.12,38.9,11.7,64.9,16.6,0.1,2.7,True,False,False,12.22
2024,SC,5,29.53,40.4,6.1,63.7,23.0,0.3,2.1,True,False,False,11.53
2024,SC,6,31.270000000000003,37.7,6.7,41.9,45.7,0.2,1.6,False,False,False,-14.33
2024,SC,7,25.270000000000003,45.6,5.5,64.1,25.0,0.2,1.1,True,False,False,11.48
2024,SD,0,33.300000000000004,38.5,5.1,79.4,2.3,7.3,1.5,True,False,False,16.05
2024,TN,1,23.22,44.3,5.3,88.2,2.1,0.1,0.9,True,False,False,30.06
2024,TN,2,35.05,40.2,5.9,82.7,5.7,0.1,1.5,True,False,False,17.82
2024,TN,3,28.98,41.1,6.6,77.7,9.6,0.1,1.4,True,False,False,18.8
2024,TN,4,27.03,38.0,9.1,75.5,8.0,0.1,2.2,True,False,False,21.77
2024,TN,5,46.8,38.5,9.9,68.7,12.3,0.1,3.9,True,False,False,8.56
2024,TN,6,30.48,39.2,8.3,78.0,8.3,0.1,1.1,True,False,False,17.3
2024,TN,7,37.41,35.6,8.5,70.1,15.3,0.2,1.7,True,False,False,10.05
2024,TN,8,28.81,41.4,3.9,72.7,17.0,0.1,1.7,True,False,False,21.23
2024,TN,9,27.12,34.5,9.9,23.1,61.4,0.1,1.9,False,False,False,-22.39
2024,TX,1,22.67,39.2,17.8,59.9,16.2,0.3,1.0,True,False,False,25.53
2024,TX,2,39.47,36.3,33.7,44.8,12.2,0.1,5.2,True,False,False,14.84
2024,TX,3,49.49,38.0,16.8,53.1,11.2,0.2,13.7,True,False,False,10.92
2024,TX,4,45.63,38.8,15.0,57.2,8.4,0.3,13.9,True,False,False,16.39
2024,TX,5,25.49,36.4,32.8,43.4,14.4,0.1,5.0,True,False,False,14.24
2024,TX,6,26.87,35.2,36.4,42.5,13.8,0.1,3.2,True,False,False,15.12
2024,TX,7,48.91,34.4,31.7,24.5,20.8,0.1,19.0,False,False,False,-13.29
2024,TX,8,33.39,36.5,32.8,45.3,11.1,0.1,6.4,True,False,False,16.44
2024,TX,9,31.47,35.6,40.0,12.3,35.5,0.0,9.8,False,False,False,-25.68
2024,TX,10,41.47,37.0,26.3,54.6,9.2,0.2,5.3,True,False,False,12.59
2024,TX,11,25.45,34.7,40.7,41.8,11.2,0.2,2.0,True,False,False,22.83
2024,TX,12,34.980000000000004,35.5,24.1,53.3,13.4,0.2,4.3,True,False,False,12.26
2024,TX,13,26.630000000000003,35.6,29.6,57.3,6.5,0.3,2.6,True,False,False,26.05
2024,TX,14,25.35,38.2,27.2,51.5,14.8,0.2,2.6,True,False,False,16.52
2024,TX,15,23.09,32.9,81.4,15.0,1.1,0.1,1.1,True,False,False,1.36
2024,TX,16,27.23,34.4,82.2,11.5,3.1,0.2,1.2,False,False,False,-17.06
2024,TX,17,27.91,36.2,25.7,52.2,14.5,0.2,2.5,True,False,False,14.32
2024,TX,18,29.31,32.9,43.6,16.9,31.1,0.1,4.9,False,False,False,-23.16
2024,TX,19,24.57,34.6,39.0,50.3,5.6,0.4,1.4,True,False,False,25.92
2024,TX,20,26.1,34.0,71.0,16.8,6.1,0.1,3.0,False,False,False,-14.88
2024,TX,21,46.32,41.0,32.5,57.7,3.5,0.2,2.5,True,False,False,13.16
2024,TX,22,47.63,38.2,28.4,38.9,13.4,0.2,15.1,True,False,False,11.05
2024,TX,23,32.09,34.9,63.0,27.0,3.9,0.2,2.8,True,False,False,5.27
2024,TX,24,54.96,38.5,18.5,59.9,7.6,0.2,8.4,True,False,False,9.81
2024,TX,25,30.67,37.8,23.8,56.0,12.7,0.2,3.2,True,False,False,18.66
2024,TX,26,47.51,38.8,19.8,55.0,9.9,0.1,10.9,True,False,False,13.04
2024,TX,27,22.13,38.3,54.9,36.5,3.5,0.1,1.7,True,False,False,13.32
2024,TX,28,22.09,33.4,75.8,16.6,4.4,0.1,1.0,False,False,False,-3.2
2024,TX,29,13.64,33.0,74.9,7.1,14.7,0.1,1.9,False,False,False,-18.44
2024,TX,30,32.22,34.6,35.1,16.3,42.3,0.1,3.2,False,False,False,-26.8
2024,TX,31,39.54,37.3,24.6,55.9,7.6,0.1,6.8,True,False,False,13.72
2024,TX,32,40.44,32.8,37.4,31.1,19.2,0.1,7.8,False,False,False,-14.05
2024,TX,33,23.81,33.3,59.1,13.6,15.8,0.1,9.2,False,False,False,-23.68
2024,TX,34,19.79,32.1,90.6,7.5,0.6,0.1,0.6,False,False,False,-8.6
2024,TX,35,34.04,32.8,52.7,27.9,11.6,0.1,3.5,False,False,False,-20.97
2024,TX,36,23.51,37.3,33.0,47.7,11.0,0.1,4.0,True,False,False,18.29
2024,TX,37,65.24,36.5,27.9,51.7,5.3,0.1,10.1,False,False,False,-24.29
2024,TX,38,50.11,38.3,29.0,46.1,11.1,0.1,9.6,True,False,False,12.38
2024,UT,1,38.8,32.1,14.5,77.8,1.1,0.3,2.2,True,False,False,12.3
2024,UT,2,33.12,34.5,19.8,70.6,1.0,0.7,2.7,True,False,False,11.24
2024,UT,3,45.47,31.2,13.2,76.7,0.7,1.4,2.6,True,False,False,13.08
2024,UT,4,36.9,31.1,16.4,73.2,1.3,0.4,2.2,True,False,False,15.94
2024,VT,0,43.67,43.7,2.5,89.3,1.2,0.2,1.7,False,False,False,-15.54
2024,VA,1,47.6,41.6,6.4,69.3,12.9,0.2,6.0,True,False,False,6.34
2024,VA,2,38.42,39.7,7.5,58.4,22.5,0.2,5.7,True,False,False,2.05
2024,VA,3,30.51,34.7,9.3,38.7,41.4,0.2,2.7,False,False,False,-17.04
2024,VA,4,34.3,37.7,10.1,42.1,40.4,0.1,2.1,False,False,False,-15.75
2024,VA,5,35.17,41.8,4.5,69.0,19.3,0.1,2.0,True,False,False,6.62
2024,VA,6,29.160000000000004,41.0,8.6,77.3,7.7,0.2,1.6,True,False,False,13.83
2024,VA,7,37.6,37.5,19.3,48.6,20.3,0.1,4.5,False,False,False,-0.88
2024,VA,8,66.66,38.2,19.8,49.8,12.0,0.1,12.4,False,False,False,-26.27
2024,VA,9,23.89,44.2,3.5,86.4,5.2,0.1,1.3,True,False,False,23.32
2024,VA,10,57.14,38.6,18.1,51.5,8.4,0.1,15.9,False,False,False,-5.92
2024,VA,11,66.24000000000001,39.0,15.3,47.5,8.9,0.0,21.6,False,False,False,-18.29
2024,WA,1,54.23,37.4,11.1,56.4,2.3,0.5,22.6,False,False,False,-13.31
2024,WA,2,38.06,40.4,12.1,68.5,2.9,0.9,7.7,False,False,False,-9.29
2024,WA,3,29.8,40.3,11.9,74.4,1.6,0.4,3.6,False,False,False,4.62
2024,WA,4,24.26,35.5,41.5,49.4,1.2,1.6,1.7,True,False,False,11.41
2024,WA,5,30.94,38.7,9.2,78.8,1.7,1.0,2.3,True,False,False,7.74
2024,WA,6,35.37,42.5,9.7,72.0,2.9,1.4,4.5,False,False,False,-6.31
2024,WA,7,68.43,36.5,9.9,61.9,5.0,0.3,14.4,False,False,False,-36.5
2024,WA,8,41.97,40.0,12.0,64.8,2.0,0.9,11.6,False,False,False,-1.05
2024,WA,9,43.57,38.0,14.7,39.3,12.6,0.2,23.3,False,False,False,-21.11
2024,WA,10,34.67,37.3,14.0,58.1,7.0,0.8,7.6,False,False,False,-6.66
2024,WV,1,22.42,44.1,1.3,90.9,3.2,0.1,0.6,True,False,False,23.23
2024,WV,2,25.52,41.4,3.0,88.0,3.1,0.1,0.8,True,False,False,21.52
2024,WI,1,31.37,40.6,13.3,73.3,5.3,0.1,1.9,True,False,False,3.1
2024,WI,2,47.48,37.4,7.2,78.6,4.4,0.1,5.0,False,False,False,-18.93
2024,WI,3,28.83,40.1,3.8,88.9,1.0,0.3,2.4,True,False,False,4.36
2024,WI,4,35.11,34.3,19.2,40.0,30.7,0.4,5.2,False,False,False,-24.76
2024,WI,5,41.55,43.0,6.0,85.9,1.8,0.1,3.0,True,False,False,14.29
2024,WI,6,30.01,42.7,6.0,86.0,2.0,0.3,2.6,True,False,False,10.24
2024,WI,7,26.71,45.3,3.0,89.4,0.4,1.6,1.5,True,False,False,12.27
2024,WI,8,29.29,41.5,6.7,83.7,1.5,1.8,2.5,True,False,False,10.16
2024,WY,0,30.43,39.3,10.8,81.3,0.7,1.6,0.8,True,False,False,25.27
2026,AL,1,27.72,41.1,4.0,63.8,26.1,0.5,1.6,,True,True,27.0
2026,AL,2,25.7,39.0,5.2,58.8,30.3,0.2,1.4,,True,True,-5.0
2026,AL,3,25.79,40.1,4.2,67.0,23.2,0.2,1.6,,True,True,23.0
2026,AL,4,20.5,40.8,8.1,80.6,6.3,0.3,0.8,,True,True,33.0
2026,AL,5,38.2,39.4,7.0,68.6,17.4,0.3,2.0,,True,True,15.0
2026,AL,6,39.23,39.8,6.9,68.1,19.5,0.1,1.8,,True,True,20.0
2026,AL,7,24.31,36.9,4.5,36.0,55.2,0.2,1.3,,True,True,-13.0
2026,AK,0,32.23,36.5,7.5,57.7,2.8,13.0,5.9,,True,True,6.0
2026,AZ,1,52.42,42.5,16.9,69.0,3.8,1.1,5.0,,True,True,1.0
2026,AZ,2,26.45,42.6,18.1,54.5,2.9,17.3,1.3,,True,True,7.0
2026,AZ,3,20.61,31.5,62.6,19.4,11.0,1.2,2.2,,True,True,-22.0
2026,AZ,4,40.14,35.8,29.2,52.7,4.9,1.8,5.8,,True,True,-4.0
2026,AZ,5,40.96,38.5,19.6,64.4,3.0,1.0,6.2,,True,True,10.0
2026,AZ,6,38.89,46.0,26.3,60.8,3.4,1.1,2.8,,True,True,0.0
2026,AZ,7,22.29,34.1,60.3,28.6,3.5,2.5,1.8,,True,True,-13.0
2026,AZ,8,32.96,43.5,21.1,63.8,3.5,1.2,4.3,,True,True,8.0
2026,AZ,9,24.03,41.9,30.8,56.4,4.5,0.9,2.0,,True,True,15.0
2026,AR,1,18.76,40.4,4.3,73.7,15.8,0.3,0.7,,True,True,23.0
2026,AR,2,32.87,38.9,6.4,66.7,21.0,0.2,1.6,,True,True,8.0
2026,AR,3,32.83,35.8,17.5,60.4,2.4,0.7,3.4,,True,True,13.0
2026,AR,4,20.12,40.9,7.8,68.1,18.6,0.3,0.7,,True,True,20.0
2026,CA,1,23.200000000000003,38.5,24.2,59.9,1.7,1.2,6.0,,True,True,12.0
2026,CA,2,43.72,44.9,21.4,64.3,1.6,1.1,4.2,,True,True,-24.0
2026,CA,3,43.0,44.0,15.2,66.5,1.7,0.4,8.9,,True,True,2.0
2026,CA,4,35.49,39.6,32.9,48.8,2.9,0.4,9.0,,True,True,-17.0
2026,CA,5,31.33,41.4,29.3,55.8,2.4,0.5,5.9,,True,True,8.0
2026,CA,6,31.47,37.6,24.3,45.3,9.0,0.3,11.6,,True,True,-8.0
2026,CA,7,36.57,37.6,27.2,30.8,9.6,0.2,23.2,,True,True,-16.0
2026,CA,8,30.59,39.3,37.8,22.6,13.0,0.1,18.8,,True,True,-24.0
2026,CA,9,23.51,36.0,42.5,26.9,6.9,0.2,17.8,,True,True,-1.0
2026,CA,10,57.0,41.5,17.6,46.9,4.8,0.2,22.9,,True,True,-18.0
2026,CA,11,64.05,40.3,15.2,40.6,4.6,0.1,32.4,,True,True,-36.0
2026,CA,12,52.97,38.6,24.8,32.0,14.2,0.1,20.5,,True,True,-39.0
2026,CA,13,14.49,32.7,66.1,20.3,2.4,0.1,7.1,,True,True,1.0
2026,CA,14,47.81999999999999,40.2,23.5,24.8,5.2,0.2,40.1,,True,True,-20.0
2026,CA,15,50.13,41.4,25.6,26.8,2.4,0.2,38.2,,True,True,-26.0
2026,CA,16,64.75,40.1,19.5,40.7,1.5,0.2,31.6,,True,True,-26.0
2026,CA,17,64.49000000000001,37.7,15.0,19.9,2.5,0.2,58.4,,True,True,-21.0
2026,CA,18,23.79,35.0,66.8,17.4,1.9,0.1,10.5,,True,True,-17.0
2026,CA,19,48.040000000000006,42.1,26.1,46.0,2.1,0.2,19.8,,True,True,-18.0
2026,CA,20,28.68,35.7,36.2,46.0,3.3,0.4,8.3,,True,True,15.0
2026,CA,21,16.59,32.3,65.5,17.5,3.8,0.5,9.4,,True,True,-4.0
2026,CA,22,9.83,30.5,76.0,14.0,4.2,0.5,3.3,,True,True,1.0
2026,CA,23,22.08,35.4,43.5,37.4,9.0,0.3,4.2,,True,True,8.0
2026,CA,24,40.16,37.6,39.2,49.6,1.4,0.2,5.1,,True,True,-13.0
2026,CA,25,18.07,36.4,68.3,21.6,3.1,0.6,3.1,,True,True,-3.0
2026,CA,26,39.18,39.7,44.8,40.4,1.8,0.1,7.6,,True,True,-8.0
2026,CA,27,30.54,38.4,44.5,30.8,9.3,0.1,11.0,,True,True,-3.0
2026,CA,28,49.18,43.0,29.0,25.1,3.2,0.5,37.9,,True,True,-15.0
2026,CA,29,24.53,36.4,65.7,20.0,4.0,0.1,7.3,,True,True,-20.0
2026,CA,30,51.760000000000005,39.9,23.7,53.8,4.0,0.1,12.5,,True,True,-22.0
2026,CA,31,25.14,39.4,61.1,13.6,2.7,0.2,19.3,,True,True,-10.0
2026,CA,32,53.52,41.2,26.1,49.3,4.4,0.2,14.1,,True,True,-17.0
2026,CA,33,21.55,33.7,64.3,15.9,8.4,0.2,7.2,,True,True,-7.0
2026,CA,34,30.35,37.0,63.9,11.3,4.1,0.2,17.6,,True,True,-28.0
2026,CA,35,24.19,35.2,65.5,12.6,5.9,0.2,12.7,,True,True,-8.0
2026,CA,36,67.72999999999999,40.5,15.7,54.0,4.2,0.1,17.6,,True,True,-21.0
2026,CA,37,30.6,35.2,53.7,12.7,21.2,0.1,7.2,,True,True,-33.0
2026,CA,38,30.22,40.5,61.7,12.0,2.4,0.2,21.4,,True,True,-10.0
2026,CA,39,21.03,33.2,63.5,18.7,7.8,0.1,5.9,,True,True,-7.0
2026,CA,40,51.46,42.5,26.0,45.7,2.4,0.0,20.0,,True,True,1.0
2026,CA,41,31.92,40.8,42.0,39.3,5.4,0.2,7.8,,True,True,2.0
2026,CA,42,26.39,37.3,65.0,19.0,5.4,0.2,7.0,,True,True,-18.0
2026,CA,43,22.91,36.4,60.6,7.0,20.7,0.2,8.5,,True,True,-27.0
2026,CA,44,23.37,37.4,63.8,11.2,9.5,0.1,11.2,,True,True,-19.0
2026,CA,45,40.27,41.2,31.7,23.9,1.7,0.2,38.6,,True,True,-1.0
2026,CA,46,22.17,35.7,65.4,14.4,1.4,0.1,16.0,,True,True,-11.0
2026,CA,47,59.77,38.6,16.7,49.0,1.9,0.2,25.9,,True,True,-3.0
2026,CA,48,36.06,40.1,28.0,52.7,3.9,0.5,7.9,,True,True,7.0
2026,CA,49,49.38,40.8,27.0,57.4,2.1,0.1,6.7,,True,True,-4.0
2026,CA,50,59.92,37.2,24.2,51.6,2.4,0.1,14.0,,True,True,-16.0
2026,CA,51,46.99,36.4,26.2,43.8,5.5,0.2,16.5,,True,True,-13.0
2026,CA,52,26.380000000000003,36.6,61.2,13.5,7.5,0.2,13.3,,True,True,-13.0
2026,CO,1,57.85,35.5,27.9,54.1,8.1,0.2,3.7,,True,True,-29.0
2026,CO,2,61.07,38.3,14.4,75.8,1.0,0.2,3.5,,True,True,-20.0
2026,CO,3,33.63,42.4,25.9,66.7,0.8,1.1,0.9,,True,True,5.0
2026,CO,4,47.5,39.6,15.5,74.0,1.7,0.2,3.4,,True,True,9.0
2026,CO,5,44.510000000000005,35.3,19.2,65.0,5.7,0.2,3.1,,True,True,5.0
2026,CO,6,45.14,37.2,24.6,54.0,9.2,0.1,5.5,,True,True,-11.0
2026,CO,7,50.26,41.3,15.7,74.6,1.2,0.4,3.2,,True,True,-8.0
2026,CO,8,30.69,35.1,38.8,51.2,2.0,0.2,3.0,,True,True,0.0
2026,CT,1,39.74,41.2,18.3,56.7,14.2,0.0,6.4,,True,True,-12.0
2026,CT,2,40.39,42.5,10.8,76.9,3.9,0.2,3.2,,True,True,-4.0
2026,CT,3,40.77,41.6,17.3,59.9,13.3,0.1,4.8,,True,True,-8.0
2026,CT,4,55.17,40.7,22.7,55.3,10.2,0.1,6.5,,True,True,-13.0
2026,CT,5,38.77,41.3,24.0,57.8,8.2,0.1,3.3,,True,True,-3.0
2026,DE,0,36.47,42.0,11.1,58.0,21.7,0.1,4.3,,True,True,-8.0
2026,FL,1,33.34,39.2,8.5,68.7,12.5,0.3,2.8,,True,True,18.0
2026,FL,2,32.11,39.9,7.8,62.8,21.4,0.3,2.1,,True,True,8.0
2026,FL,3,29.61,40.6,12.4,64.5,14.3,0.2,3.1,,True,True,10.0
2026,FL,4,29.05,38.9,10.5,51.6,29.6,0.1,2.7,,True,True,5.0
2026,FL,5,45.84,39.1,12.6,64.3,10.9,0.1,6.2,,True,True,10.0
2026,FL,6,27.06,48.4,14.4,68.7,11.1,0.1,1.5,,True,True,14.0
2026,FL,7,37.21,41.9,22.5,59.6,9.4,0.1,3.7,,True,True,5.0
2026,FL,8,33.08,48.6,12.8,70.6,8.9,0.0,2.2,,True,True,11.0
2026,FL,9,34.88,37.8,53.4,27.4,9.6,0.1,4.1,,True,True,-4.0
2026,FL,10,37.03,35.3,30.4,33.3,24.9,0.1,4.6,,True,True,-13.0
2026,FL,11,39.150000000000006,45.9,19.6,58.7,12.2,0.1,3.5,,True,True,8.0
2026,FL,12,24.44,47.2,15.9,73.2,3.9,0.3,2.0,,True,True,17.0
2026,FL,13,35.35,50.7,11.4,73.2,6.6,0.1,3.8,,True,True,5.0
2026,FL,14,41.66,40.1,27.5,47.7,14.9,0.0,3.6,,True,True,-5.0
2026,FL,15,34.33,37.3,27.1,46.2,15.7,0.1,5.5,,True,True,5.0
2026,FL,16,37.52,43.7,23.2,58.4,10.6,0.0,3.2,,True,True,7.0
2026,FL,17,33.98,55.4,15.6,74.3,4.9,0.1,1.6,,True,True,11.0
2026,FL,18,23.27,40.9,30.7,51.9,12.1,0.2,1.8,,True,True,14.0
2026,FL,19,37.79,53.8,20.5,67.2,7.1,0.1,1.8,,True,True,14.0
2026,FL,20,25.86,39.6,24.8,18.1,49.3,0.1,2.2,,True,True,-22.0
2026,FL,21,36.05,48.5,19.3,61.8,12.9,0.1,1.9,,True,True,7.0
2026,FL,22,40.650000000000006,46.5,28.1,48.1,16.5,0.1,2.8,,True,True,-4.0
2026,FL,23,44.19,44.2,23.9,51.8,12.1,0.1,4.0,,True,True,-2.0
2026,FL,24,34.620000000000005,38.8,39.2,16.6,39.1,0.1,1.5,,True,True,-18.0
2026,FL,25,42.34,41.7,44.7,29.0,15.4,0.1,4.9,,True,True,-5.0
2026,FL,26,31.89,44.1,72.3,19.9,4.8,0.1,1.1,,True,True,16.0
2026,FL,27,45.15,42.3,71.6,17.2,5.3,0.1,2.1,,True,True,6.0
2026,FL,28,31.04,41.0,74.0,14.1,8.2,0.0,1.5,,True,True,10.0
2026,GA,1,30.25,37.0,8.4,56.3,27.1,0.2,1.6,,True,True,8.0
2026,GA,2,21.08,37.4,6.3,37.6,49.6,0.1,1.4,,True,True,-4.0
2026,GA,3,30.44,40.3,7.4,62.3,23.1,0.1,1.9,,True,True,15.0
2026,GA,4,43.87,37.0,11.8,24.4,52.0,0.1,5.9,,True,True,-27.0
2026,GA,5,55.5,35.3,7.0,35.1,48.2,0.1,4.2,,True,True,-36.0
2026,GA,6,58.48,40.6,11.0,60.8,8.8,0.1,13.4,,True,True,-25.0
2026,GA,7,40.2,36.8,25.0,26.8,28.5,0.1,14.9,,True,True,11.0
2026,GA,8,24.18,38.0,7.5,57.8,29.0,0.2,1.4,,True,True,15.0
2026,GA,9,30.98,40.9,16.2,62.6,10.1,0.2,5.9,,True,True,17.0
2026,GA,10,30.770000000000003,36.9,8.9,60.1,24.3,0.3,2.4,,True,True,11.0
2026,GA,11,45.07,37.5,13.3,61.9,14.3,0.2,3.8,,True,True,12.0
2026,GA,12,24.97,37.0,6.1,50.9,36.3,0.1,1.8,,True,True,7.0
2026,GA,13,34.23,36.4,12.0,14.7,65.1,0.1,3.1,,True,True,-21.0
2026,GA,14,24.25,38.8,14.2,66.1,13.8,0.0,1.1,,True,True,19.0
2026,HI,1,40.53,41.0,8.9,14.5,1.6,0.1,48.1,,True,True,-13.0
2026,HI,2,33.32,41.7,11.4,27.3,1.5,0.1,23.9,,True,True,-12.0
2026,ID,1,30.62,39.4,12.8,79.1,0.7,0.7,1.3,,True,True,22.0
2026,ID,2,33.83,35.9,14.9,77.6,0.9,0.7,1.3,,True,True,13.0
2026,IL,1,30.93,39.3,11.1,35.1,47.3,0.1,2.1,,True,True,-18.0
2026,IL,2,25.53,39.8,16.3,34.0,45.1,0.1,1.0,,True,True,-18.0
2026,IL,3,37.53,37.6,46.3,39.2,4.8,0.1,7.0,,True,True,-17.0
2026,IL,4,25.630000000000003,37.9,64.2,24.6,5.2,0.1,4.4,,True,True,-17.0
2026,IL,5,67.07,37.5,12.4,69.2,3.0,0.1,10.2,,True,True,-19.0
2026,IL,6,45.010000000000005,42.3,16.4,69.8,5.3,0.0,5.7,,True,True,-3.0
2026,IL,7,49.21,36.0,17.9,30.4,38.6,0.0,9.3,,True,True,-34.0
2026,IL,8,41.03,40.8,26.8,52.1,4.4,0.1,13.2,,True,True,-5.0
2026,IL,9,57.49,41.0,14.1,57.6,8.2,0.1,14.7,,True,True,-19.0
2026,IL,10,46.86,39.3,25.6,55.2,5.8,0.0,8.3,,True,True,-12.0
2026,IL,11,46.24,39.8,19.9,62.0,5.3,0.1,8.8,,True,True,-6.0
2026,IL,12,23.79,41.8,3.1,86.7,5.3,0.1,0.8,,True,True,22.0
2026,IL,13,33.379999999999995,38.7,4.6,65.9,18.8,0.2,4.1,,True,True,-5.0
2026,IL,14,33.52,38.2,23.9,56.8,9.2,0.1,5.7,,True,True,-3.0
2026,IL,15,25.98,42.1,3.0,90.1,2.5,0.1,0.9,,True,True,20.0
2026,IL,16,31.9,42.1,7.8,83.5,2.3,0.1,2.5,,True,True,11.0
2026,IL,17,24.55,39.1,11.7,67.7,12.5,0.2,1.9,,True,True,-3.0
2026,IN,1,26.16,40.3,17.8,59.8,16.8,0.0,1.6,,True,True,-1.0
2026,IN,2,25.16,38.3,12.2,75.2,6.2,0.1,1.6,,True,True,13.0
2026,IN,3,26.65,37.9,7.0,80.3,5.4,0.0,2.9,,True,True,16.0
2026,IN,4,32.0,37.0,7.5,80.7,4.4,0.1,3.4,,True,True,15.0
2026,IN,5,42.4,38.5,5.2,80.8,4.8,0.1,3.8,,True,True,8.0
2026,IN,6,28.96,38.0,6.0,78.2,5.9,0.1,5.2,,True,True,16.0
2026,IN,7,38.07,34.8,15.3,45.6,31.2,0.0,2.2,,True,True,-21.0
2026,IN,8,23.73,40.3,3.4,87.6,3.3,0.2,1.0,,True,True,18.0
2026,IN,9,28.72,40.1,4.3,86.9,2.2,0.0,2.0,,True,True,15.0
2026,IA,1,32.54,39.3,5.9,83.6,4.0,0.1,2.0,,True,True,4.0
2026,IA,2,29.61,40.6,4.1,86.2,4.2,0.3,1.5,,True,True,4.0
2026,IA,3,36.96,37.9,8.8,77.9,5.3,0.0,3.9,,True,True,2.0
2026,IA,4,26.86,38.9,10.4,81.9,2.2,0.3,1.9,,True,True,15.0
2026,KS,1,31.03,36.5,16.3,74.2,2.8,0.6,1.7,,True,True,16.0
2026,KS,2,28.270000000000003,38.6,13.2,71.4,6.8,0.6,1.9,,True,True,10.0
2026,KS,3,51.93000000000001,38.8,10.8,75.1,5.1,0.2,3.7,,True,True,-2.0
2026,KS,4,31.04,37.6,14.3,70.2,6.1,0.5,3.0,,True,True,12.0
2026,KY,1,20.98,40.2,3.8,84.3,6.2,0.2,0.6,,True,True,23.0
2026,KY,2,23.14,39.2,4.8,83.4,5.5,0.1,1.6,,True,True,20.0
2026,KY,3,35.99,38.1,8.4,61.6,20.7,0.1,2.9,,True,True,-10.0
2026,KY,4,31.66,39.1,4.5,86.8,3.2,0.1,1.0,,True,True,18.0
2026,KY,5,17.060000000000002,41.6,1.3,93.3,1.5,0.1,0.4,,True,True,32.0
2026,KY,6,38.61,37.4,6.3,79.4,7.5,0.1,2.1,,True,True,7.0
2026,LA,1,34.64,40.4,13.1,65.9,12.6,0.7,2.2,,True,True,19.0
2026,LA,2,28.96,39.0,8.7,26.1,58.3,0.2,2.4,,True,True,-17.0
2026,LA,3,24.36,38.0,5.6,64.6,22.6,0.2,1.5,,True,True,22.0
2026,LA,4,20.8,39.4,4.7,55.6,33.9,0.5,1.0,,True,True,26.0
2026,LA,5,20.68,38.9,3.8,58.3,32.5,0.6,0.8,,True,True,18.0
2026,LA,6,32.16,36.7,7.0,62.5,22.1,0.7,2.4,,True,True,-8.0
2026,ME,1,45.64,44.5,2.4,88.2,1.9,0.1,1.4,,True,True,-11.0
2026,ME,2,28.15,45.2,2.0,90.8,1.6,0.6,0.8,,True,True,4.0
2026,MD,1,35.39,42.0,6.2,71.3,14.8,0.0,2.5,,True,True,8.0
2026,MD,2,46.56999999999999,40.4,6.9,59.0,23.4,0.1,5.8,,True,True,-10.0
2026,MD,3,52.82,40.1,10.4,55.8,15.9,0.1,11.1,,True,True,-12.0
2026,MD,4,34.19,38.1,27.7,9.8,53.1,0.1,4.8,,True,True,-39.0
2026,MD,5,41.68,40.0,7.9,40.8,42.2,0.1,2.9,,True,True,-17.0
2026,MD,6,41.07,40.0,15.0,58.2,12.0,0.2,9.1,,True,True,-3.0
2026,MD,7,32.9,36.7,8.6,29.2,54.6,0.1,3.0,,True,True,-31.0
2026,MD,8,64.56,40.9,19.5,43.0,17.6,0.1,13.5,,True,True,-30.0
2026,MA,1,31.61,42.1,19.4,69.1,5.6,0.0,2.1,,True,True,-8.0
2026,MA,2,47.8,39.9,12.0,69.2,4.3,0.0,7.5,,True,True,-13.0
2026,MA,3,41.29,40.4,22.3,58.7,4.3,0.1,8.6,,True,True,-11.0
2026,MA,4,51.21,40.8,7.5,75.0,3.7,0.1,7.2,,True,True,-11.0
2026,MA,5,61.81,39.5,11.8,62.0,5.1,0.1,12.8,,True,True,-24.0
2026,MA,6,49.12,42.8,12.3,74.4,3.5,0.1,4.5,,True,True,-11.0
2026,MA,7,51.03,32.9,22.6,38.0,19.9,0.0,11.3,,True,True,-34.0
2026,MA,8,52.86,39.0,7.8,63.2,10.3,0.1,10.8,,True,True,-15.0
2026,MA,9,43.13,47.1,6.5,82.1,2.7,0.1,1.3,,True,True,-6.0
2026,MI,1,29.27,47.4,2.3,89.1,1.0,2.2,0.4,,True,True,11.0
2026,MI,2,23.15,41.3,4.8,87.4,1.8,0.5,0.7,,True,True,15.0
2026,MI,3,39.77,36.3,10.9,69.9,11.0,0.1,2.8,,True,True,-4.0
2026,MI,4,34.73,37.9,9.4,75.5,7.4,0.2,2.5,,True,True,3.0
2026,MI,5,24.41,42.5,5.6,84.4,3.9,0.1,0.8,,True,True,13.0
2026,MI,6,52.28,39.6,5.3,69.0,9.4,0.2,10.7,,True,True,-12.0
2026,MI,7,37.620000000000005,39.0,6.0,79.8,5.5,0.1,3.8,,True,True,0.0
2026,MI,8,23.95,41.8,5.7,74.0,15.0,0.2,1.0,,True,True,1.0
2026,MI,9,29.34,44.1,3.8,88.1,2.5,0.1,1.5,,True,True,16.0
2026,MI,10,30.13,40.7,3.8,70.5,13.4,0.1,6.6,,True,True,3.0
2026,MI,11,50.32,41.1,5.7,67.2,13.1,0.0,8.5,,True,True,-9.0
2026,MI,12,27.44,39.5,3.1,47.3,43.0,0.2,1.9,,True,True,-21.0
2026,MI,13,22.55,35.4,10.9,36.7,44.3,0.2,2.7,,True,True,-22.0
2026,MN,1,32.14,39.6,7.5,81.5,3.9,0.3,3.1,,True,True,6.0
2026,MN,2,42.63,38.4,8.3,73.4,7.2,0.3,5.4,,True,True,-3.0
2026,MN,3,51.42,41.2,5.4,69.8,10.2,0.2,8.8,,True,True,-11.0
2026,MN,4,49.7,37.4,7.6,62.3,10.8,0.3,13.6,,True,True,-18.0
2026,MN,5,53.75,35.1,10.4,61.1,16.8,0.4,5.3,,True,True,-32.0
2026,MN,6,36.96,37.8,4.5,81.3,5.9,0.2,3.3,,True,True,10.0
2026,MN,7,25.700000000000003,41.6,5.6,87.4,1.1,0.6,1.2,,True,True,18.0
2026,MN,8,28.41,43.2,2.2,86.6,1.4,3.4,1.2,,True,True,7.0
2026,MS,1,25.68,38.3,3.9,63.0,27.0,0.2,0.8,,True,True,18.0
2026,MS,2,21.29,40.4,2.4,31.4,62.3,0.3,0.6,,True,True,-11.0
2026,MS,3,28.79,38.7,3.0,57.9,33.2,1.1,1.1,,True,True,14.0
2026,MS,4,26.18,40.0,5.5,66.5,21.3,0.2,1.2,,True,True,21.0
2026,MO,1,41.06,37.2,4.8,42.2,44.1,0.1,3.6,,True,True,-29.0
2026,MO,2,50.25,42.6,3.3,82.7,3.6,0.1,4.6,,True,True,4.0
2026,MO,3,35.44,39.6,3.6,84.2,4.5,0.2,2.3,,True,True,13.0
2026,MO,4,25.75,39.1,5.1,84.3,4.6,0.2,0.9,,True,True,21.0
2026,MO,5,36.47,37.1,12.2,58.4,21.8,0.1,2.0,,True,True,-12.0
2026,MO,6,27.61,39.9,4.0,86.5,3.7,0.2,1.1,,True,True,19.0
2026,MO,7,27.02,38.8,6.7,83.9,1.5,0.4,1.4,,True,True,21.0
2026,MO,8,22.1,40.4,2.5,87.3,3.7,0.2,0.7,,True,True,27.0
2026,MT,1,38.54,40.3,4.4,84.7,0.3,3.7,0.9,,True,True,5.0
2026,MT,2,30.53,41.1,4.9,81.9,0.5,7.1,0.7,,True,True,15.0
2026,NE,1,36.06,36.3,11.8,77.2,2.9,0.2,2.6,,True,True,6.0
2026,NE,2,44.41,36.2,13.5,68.2,8.6,0.1,4.1,,True,True,-3.0
2026,NE,3,25.56,40.1,13.4,80.2,1.3,1.1,0.5,,True,True,27.0
2026,NV,1,26.77,39.3,37.1,37.7,9.7,0.2,8.2,,True,True,-2.0
2026,NV,2,30.090000000000003,40.6,24.5,62.1,1.7,1.2,4.3,,True,True,7.0
2026,NV,3,35.11,40.2,22.2,41.7,8.9,0.4,17.9,,True,True,-1.0
2026,NV,4,22.57,37.8,35.8,36.3,15.2,0.5,5.3,,True,True,-2.0
2026,NH,1,40.7,43.8,4.7,86.9,1.3,0.1,2.6,,True,True,-2.0
2026,NH,2,40.8,43.0,4.6,86.0,1.5,0.2,2.6,,True,True,-2.0
2026,NJ,1,35.47,39.5,16.2,58.5,14.7,0.0,5.1,,True,True,-10.0
2026,NJ,2,32.41,43.9,18.2,63.1,10.2,0.2,3.6,,True,True,5.0
2026,NJ,3,45.94,42.6,12.2,61.7,12.7,0.0,7.8,,True,True,-5.0
2026,NJ,4,39.83,40.5,11.4,78.6,2.5,0.1,2.7,,True,True,14.0
2026,NJ,5,55.72,43.8,18.0,57.9,4.9,0.1,15.9,,True,True,-2.0
2026,NJ,6,43.53,39.5,24.1,41.8,10.9,0.1,19.0,,True,True,-5.0
2026,NJ,7,54.85,43.7,15.0,67.0,4.8,0.1,8.8,,True,True,0.0
2026,NJ,8,42.53,35.8,51.2,25.5,7.5,0.1,11.2,,True,True,-15.0
2026,NJ,9,34.18,38.8,43.5,34.7,8.4,0.0,9.5,,True,True,-2.0
2026,NJ,10,33.71,36.8,22.0,18.4,48.0,0.2,6.5,,True,True,-27.0
2026,NJ,11,58.89,41.9,17.0,60.5,4.9,0.1,12.4,,True,True,-5.0
2026,NJ,12,47.33,39.9,24.5,37.3,15.0,0.1,19.6,,True,True,-13.0
2026,NM,1,40.24,41.4,41.1,45.4,2.7,3.3,2.8,,True,True,-7.0
2026,NM,2,25.43,38.0,60.9,28.7,1.6,4.7,1.3,,True,True,0.0
2026,NM,3,28.56,40.1,43.7,33.8,0.9,16.9,1.0,,True,True,-3.0
2026,NY,1,48.32,44.8,16.5,69.4,4.2,0.0,5.9,,True,True,4.0
2026,NY,2,32.77,39.6,29.2,53.4,10.3,0.2,3.2,,True,True,6.0
2026,NY,3,51.17,45.3,15.9,53.0,2.7,0.3,23.7,,True,True,0.0
2026,NY,4,45.06,41.0,20.9,49.1,17.2,0.0,7.8,,True,True,-2.0
2026,NY,5,29.25,41.1,20.4,12.9,40.6,0.3,15.6,,True,True,-24.0
2026,NY,6,38.33,44.6,26.5,24.3,3.7,0.3,41.5,,True,True,-6.0
2026,NY,7,49.4,34.6,32.9,38.1,10.5,0.2,13.2,,True,True,-25.0
2026,NY,8,34.53,38.5,17.2,28.8,39.5,0.3,8.0,,True,True,-24.0
2026,NY,9,40.43,37.4,12.4,31.7,40.2,0.1,8.1,,True,True,-22.0
2026,NY,10,62.22,36.8,19.7,49.4,5.8,0.2,19.6,,True,True,-32.0
2026,NY,11,35.93,41.3,18.8,49.8,6.8,0.2,20.9,,True,True,10.0
2026,NY,12,81.13,40.0,12.5,63.4,4.9,0.2,13.2,,True,True,-33.0
2026,NY,13,36.93,38.6,51.2,16.0,24.1,0.1,5.3,,True,True,-32.0
2026,NY,14,30.8,37.8,51.6,17.9,16.1,0.1,11.0,,True,True,-19.0
2026,NY,15,22.2,35.7,53.3,9.4,31.5,0.3,2.7,,True,True,-27.0
2026,NY,16,50.77,41.2,29.3,39.6,19.4,0.2,6.8,,True,True,-18.0
2026,NY,17,48.85,40.6,21.3,63.2,6.7,0.0,4.7,,True,True,-1.0
2026,NY,18,36.39,39.5,20.5,61.5,10.1,0.1,2.8,,True,True,-2.0
2026,NY,19,34.91,42.0,6.7,80.7,3.8,0.1,3.7,,True,True,-1.0
2026,NY,20,42.36,40.2,6.9,72.6,8.2,0.2,4.7,,True,True,-8.0
2026,NY,21,28.48,43.1,4.3,87.7,1.6,0.5,1.3,,True,True,10.0
2026,NY,22,35.9,40.3,6.1,76.5,8.1,0.3,3.8,,True,True,-4.0
2026,NY,23,30.75,44.1,4.3,88.1,2.6,0.4,1.0,,True,True,10.0
2026,NY,24,27.02,42.8,4.7,87.1,2.7,0.2,0.8,,True,True,11.0
2026,NY,25,41.010000000000005,39.9,9.9,67.9,13.4,0.1,3.6,,True,True,-10.0
2026,NY,26,35.56,39.0,7.0,66.4,15.8,0.2,6.1,,True,True,-11.0
2026,NC,1,23.22,40.5,8.1,46.9,39.2,0.5,0.9,,True,True,1.0
2026,NC,2,61.02,36.8,12.0,54.6,17.9,0.2,10.7,,True,True,-17.0
2026,NC,3,25.44,38.5,12.0,64.4,16.0,0.4,1.4,,True,True,10.0
2026,NC,4,47.11,37.9,13.7,52.5,24.1,0.3,4.2,,True,True,-23.0
2026,NC,5,32.79,42.2,10.1,72.9,11.8,0.1,1.3,,True,True,9.0
2026,NC,6,33.61,38.6,10.8,49.6,30.3,0.2,4.1,,True,True,9.0
2026,NC,7,32.35,42.3,8.5,62.1,17.0,6.2,1.3,,True,True,7.0
2026,NC,8,28.0,41.0,11.4,68.2,12.6,0.3,2.4,,True,True,10.0
2026,NC,9,30.63,37.4,13.6,55.2,22.7,1.3,1.7,,True,True,8.0
2026,NC,10,26.37,42.9,8.8,75.4,9.3,0.1,2.3,,True,True,9.0
2026,NC,11,37.25,45.7,7.9,82.8,3.1,1.3,1.0,,True,True,5.0
2026,NC,12,42.47,36.8,16.3,38.1,34.7,0.2,5.7,,True,True,-24.0
2026,NC,13,42.04,39.0,13.1,59.0,20.1,0.3,3.0,,True,True,8.0
2026,NC,14,51.96,35.8,13.4,55.0,19.7,0.1,5.8,,True,True,8.0
2026,ND,0,33.55,36.3,4.9,81.5,3.0,4.3,1.5,,True,True,18.0
2026,OH,1,48.66,37.2,5.0,67.5,16.8,0.1,4.2,,True,True,-3.0
2026,OH,2,21.42,41.9,1.5,91.9,1.6,0.2,0.5,,True,True,24.0
2026,OH,3,46.05,34.7,7.3,53.3,27.7,0.0,5.8,,True,True,-21.0
2026,OH,4,28.880000000000003,40.5,2.8,85.1,3.8,0.1,3.3,,True,True,18.0
2026,OH,5,26.31,40.7,7.6,83.9,3.2,0.1,1.0,,True,True,14.0
2026,OH,6,21.12,44.3,3.6,85.9,5.1,0.0,0.5,,True,True,16.0
2026,OH,7,37.54,43.3,4.3,85.8,3.1,0.1,3.0,,True,True,5.0
2026,OH,8,31.41,38.9,4.9,73.9,13.0,0.1,2.8,,True,True,12.0
2026,OH,9,27.92,41.0,8.0,74.1,11.3,0.1,1.6,,True,True,3.0
2026,OH,10,33.05,38.8,4.0,71.1,15.9,0.1,2.1,,True,True,3.0
2026,OH,11,34.91,38.4,8.2,41.2,42.8,0.1,3.0,,True,True,-28.0
2026,OH,12,26.62,39.3,2.2,86.8,3.9,0.1,2.1,,True,True,16.0
2026,OH,13,35.26,41.2,2.9,75.7,11.5,0.1,3.5,,True,True,0.0
2026,OH,14,28.17,43.0,3.6,85.7,5.1,0.1,1.0,,True,True,9.0
2026,OH,15,34.28,37.2,6.3,71.7,12.6,0.1,3.8,,True,True,4.0
2026,OK,1,33.5,36.8,14.8,58.6,8.1,5.3,3.5,,True,True,11.0
2026,OK,2,19.54,39.7,6.3,62.0,3.1,16.0,0.8,,True,True,28.0
2026,OK,3,22.89,34.6,21.6,60.4,4.8,4.1,1.0,,True,True,23.0
2026,OK,4,27.28,37.0,10.9,65.3,6.7,4.6,2.5,,True,True,17.0
2026,OK,5,39.88,37.3,11.0,62.4,10.4,3.0,3.6,,True,True,9.0
2026,OR,1,49.99,38.9,15.9,63.3,2.5,0.4,10.2,,True,True,-20.0
2026,OR,2,24.02,42.1,16.3,74.7,0.6,1.3,0.9,,True,True,14.0
2026,OR,3,42.38,40.1,15.6,64.0,4.9,0.3,6.8,,True,True,-24.0
2026,OR,4,32.1,42.5,9.5,78.2,0.8,1.1,2.7,,True,True,-6.0
2026,OR,5,40.49,42.4,10.2,78.5,1.7,0.3,3.2,,True,True,-4.0
2026,OR,6,36.6,38.9,22.0,65.9,1.2,0.3,3.4,,True,True,-6.0
2026,PA,1,44.34,44.0,6.5,79.4,3.3,0.0,6.0,,True,True,-1.0
2026,PA,2,26.3,36.4,25.5,34.4,25.9,0.1,9.4,,True,True,-19.0
2026,PA,3,45.33,34.7,7.3,32.0,48.6,0.2,6.4,,True,True,-40.0
2026,PA,4,49.09,41.7,6.7,73.8,9.1,0.1,6.0,,True,True,-8.0
2026,PA,5,42.51,39.3,7.3,57.7,23.2,0.1,7.1,,True,True,-15.0
2026,PA,6,49.25,39.6,17.0,69.0,4.4,0.1,5.3,,True,True,-6.0
2026,PA,7,32.47,41.3,21.3,65.9,4.7,0.1,3.3,,True,True,1.0
2026,PA,8,27.05,43.4,15.6,71.5,6.4,0.1,2.1,,True,True,4.0
2026,PA,9,23.38,43.2,7.2,86.3,2.1,0.1,1.0,,True,True,19.0
2026,PA,10,36.33,40.2,10.9,69.3,9.7,0.1,5.0,,True,True,3.0
2026,PA,11,30.63,40.1,9.6,81.1,3.2,0.1,2.0,,True,True,11.0
2026,PA,12,42.73,39.7,3.0,73.3,14.6,0.0,4.1,,True,True,-10.0
2026,PA,13,21.9,43.8,3.9,89.1,2.0,0.0,0.7,,True,True,23.0
2026,PA,14,26.55,45.4,1.8,90.9,2.9,0.1,0.7,,True,True,17.0
2026,PA,15,26.05,42.8,2.2,91.1,2.0,0.1,1.7,,True,True,19.0
2026,PA,16,29.66,43.1,3.0,87.7,4.1,0.0,1.2,,True,True,11.0
2026,PA,17,46.39,43.5,2.6,82.1,7.0,0.1,3.1,,True,True,-3.0
2026,RI,1,38.21,40.8,20.4,63.2,5.4,0.2,3.5,,True,True,-12.0
2026,RI,2,39.85,40.8,15.7,72.0,4.3,0.1,3.2,,True,True,-4.0
2026,SC,1,44.98,41.4,8.0,68.1,18.2,0.1,1.6,,True,True,6.0
2026,SC,2,35.82,39.9,7.7,59.6,24.8,0.1,2.1,,True,True,7.0
2026,SC,3,26.46,40.1,6.4,70.7,16.5,0.2,0.9,,True,True,21.0
2026,SC,4,37.12,38.9,11.7,64.9,16.6,0.1,2.7,,True,True,11.0
2026,SC,5,29.53,40.4,6.1,63.7,23.0,0.3,2.1,,True,True,11.0
2026,SC,6,31.270000000000003,37.7,6.7,41.9,45.7,0.2,1.6,,True,True,-13.0
2026,SC,7,25.270000000000003,45.6,5.5,64.1,25.0,0.2,1.1,,True,True,12.0
2026,SD,0,33.300000000000004,38.5,5.1,79.4,2.3,7.3,1.5,,True,True,15.0
2026,TN,1,23.22,44.3,5.3,88.2,2.1,0.1,0.9,,True,True,29.0
2026,TN,2,35.05,40.2,5.9,82.7,5.7,0.1,1.5,,True,True,17.0
2026,TN,3,28.98,41.1,6.6,77.7,9.6,0.1,1.4,,True,True,18.0
2026,TN,4,27.03,38.0,9.1,75.5,8.0,0.1,2.2,,True,True,21.0
2026,TN,5,46.8,38.5,9.9,68.7,12.3,0.1,3.9,,True,True,8.0
2026,TN,6,30.48,39.2,8.3,78.0,8.3,0.1,1.1,,True,True,17.0
2026,TN,7,37.41,35.6,8.5,70.1,15.3,0.2,1.7,,True,True,10.0
2026,TN,8,28.81,41.4,3.9,72.7,17.0,0.1,1.7,,True,True,21.0
2026,TN,9,27.12,34.5,9.9,23.1,61.4,0.1,1.9,,True,True,-23.0
2026,TX,1,22.67,39.2,17.8,59.9,16.2,0.3,1.0,,True,True,25.0
2026,TX,2,39.47,36.3,33.7,44.8,12.2,0.1,5.2,,True,True,12.0
2026,TX,3,49.49,38.0,16.8,53.1,11.2,0.2,13.7,,True,True,10.0
2026,TX,4,45.63,38.8,15.0,57.2,8.4,0.3,13.9,,True,True,16.0
2026,TX,5,25.49,36.4,32.8,43.4,14.4,0.1,5.0,,True,True,13.0
2026,TX,6,26.87,35.2,36.4,42.5,13.8,0.1,3.2,,True,True,14.0
2026,TX,7,48.91,34.4,31.7,24.5,20.8,0.1,19.0,,True,True,-12.0
2026,TX,8,33.39,36.5,32.8,45.3,11.1,0.1,6.4,,True,True,16.0
2026,TX,9,31.47,35.6,40.0,12.3,35.5,0.0,9.8,,True,True,-24.0
2026,TX,10,41.47,37.0,26.3,54.6,9.2,0.2,5.3,,True,True,12.0
2026,TX,11,25.45,34.7,40.7,41.8,11.2,0.2,2.0,,True,True,22.0
2026,TX,12,34.980000000000004,35.5,24.1,53.3,13.4,0.2,4.3,,True,True,11.0
2026,TX,13,26.630000000000003,35.6,29.6,57.3,6.5,0.3,2.6,,True,True,24.0
2026,TX,14,25.35,38.2,27.2,51.5,14.8,0.2,2.6,,True,True,17.0
2026,TX,15,23.09,32.9,81.4,15.0,1.1,0.1,1.1,,True,True,7.0
2026,TX,16,27.23,34.4,82.2,11.5,3.1,0.2,1.2,,True,True,-11.0
2026,TX,17,27.91,36.2,25.7,52.2,14.5,0.2,2.5,,True,True,14.0
2026,TX,18,29.31,32.9,43.6,16.9,31.1,0.1,4.9,,True,True,-21.0
2026,TX,19,24.57,34.6,39.0,50.3,5.6,0.4,1.4,,True,True,25.0
2026,TX,20,26.1,34.0,71.0,16.8,6.1,0.1,3.0,,True,True,-12.0
2026,TX,21,46.32,41.0,32.5,57.7,3.5,0.2,2.5,,True,True,11.0
2026,TX,22,47.63,38.2,28.4,38.9,13.4,0.2,15.1,,True,True,9.0
2026,TX,23,32.09,34.9,63.0,27.0,3.9,0.2,2.8,,True,True,7.0
2026,TX,24,54.96,38.5,18.5,59.9,7.6,0.2,8.4,,True,True,7.0
2026,TX,25,30.67,37.8,23.8,56.0,12.7,0.2,3.2,,True,True,18.0
2026,TX,26,47.51,38.8,19.8,55.0,9.9,0.1,10.9,,True,True,11.0
2026,TX,27,22.13,38.3,54.9,36.5,3.5,0.1,1.7,,True,True,14.0
2026,TX,28,22.09,33.4,75.8,16.6,4.4,0.1,1.0,,True,True,2.0
2026,TX,29,13.64,33.0,74.9,7.1,14.7,0.1,1.9,,True,True,-12.0
2026,TX,30,32.22,34.6,35.1,16.3,42.3,0.1,3.2,,True,True,-25.0
2026,TX,31,39.54,37.3,24.6,55.9,7.6,0.1,6.8,,True,True,11.0
2026,TX,32,40.44,32.8,37.4,31.1,19.2,0.1,7.8,,True,True,-13.0
2026,TX,33,23.81,33.3,59.1,13.6,15.8,0.1,9.2,,True,True,-19.0
2026,TX,34,19.79,32.1,90.6,7.5,0.6,0.1,0.6,,True,True,0.0
2026,TX,35,34.04,32.8,52.7,27.9,11.6,0.1,3.5,,True,True,-19.0
2026,TX,36,23.51,37.3,33.0,47.7,11.0,0.1,4.0,,True,True,18.0
2026,TX,37,65.24,36.5,27.9,51.7,5.3,0.1,10.1,,True,True,-26.0
2026,TX,38,50.11,38.3,29.0,46.1,11.1,0.1,9.6,,True,True,10.0
2026,UT,1,38.8,32.1,14.5,77.8,1.1,0.3,2.2,,True,True,10.0
2026,UT,2,33.12,34.5,19.8,70.6,1.0,0.7,2.7,,True,True,10.0
2026,UT,3,45.47,31.2,13.2,76.7,0.7,1.4,2.6,,True,True,10.0
2026,UT,4,36.9,31.1,16.4,73.2,1.3,0.4,2.2,,True,True,14.0
2026,VT,0,43.67,43.7,2.5,89.3,1.2,0.2,1.7,,True,True,-17.0
2026,VA,1,47.6,41.6,6.4,69.3,12.9,0.2,6.0,,True,True,3.0
2026,VA,2,38.42,39.7,7.5,58.4,22.5,0.2,5.7,,True,True,0.0
2026,VA,3,30.51,34.7,9.3,38.7,41.4,0.2,2.7,,True,True,-18.0
2026,VA,4,34.3,37.7,10.1,42.1,40.4,0.1,2.1,,True,True,-17.0
2026,VA,5,35.17,41.8,4.5,69.0,19.3,0.1,2.0,,True,True,6.0
2026,VA,6,29.160000000000004,41.0,8.6,77.3,7.7,0.2,1.6,,True,True,12.0
2026,VA,7,37.6,37.5,19.3,48.6,20.3,0.1,4.5,,True,True,-2.0
2026,VA,8,66.66,38.2,19.8,49.8,12.0,0.1,12.4,,True,True,-26.0
2026,VA,9,23.89,44.2,3.5,86.4,5.2,0.1,1.3,,True,True,22.0
2026,VA,10,57.14,38.6,18.1,51.5,8.4,0.1,15.9,,True,True,-6.0
2026,VA,11,66.24000000000001,39.0,15.3,47.5,8.9,0.0,21.6,,True,True,-18.0
2026,WA,1,54.23,37.4,11.1,56.4,2.3,0.5,22.6,,True,True,-15.0
2026,WA,2,38.06,40.4,12.1,68.5,2.9,0.9,7.7,,True,True,-12.0
2026,WA,3,29.8,40.3,11.9,74.4,1.6,0.4,3.6,,True,True,2.0
2026,WA,4,24.26,35.5,41.5,49.4,1.2,1.6,1.7,,True,True,10.0
2026,WA,5,30.94,38.7,9.2,78.8,1.7,1.0,2.3,,True,True,5.0
2026,WA,6,35.37,42.5,9.7,72.0,2.9,1.4,4.5,,True,True,-10.0
2026,WA,7,68.43,36.5,9.9,61.9,5.0,0.3,14.4,,True,True,-39.0
2026,WA,8,41.97,40.0,12.0,64.8,2.0,0.9,11.6,,True,True,-3.0
2026,WA,9,43.57,38.0,14.7,39.3,12.6,0.2,23.3,,True,True,-22.0
2026,WA,10,34.67,37.3,14.0,58.1,7.0,0.8,7.6,,True,True,-9.0
2026,WV,1,22.42,44.1,1.3,90.9,3.2,0.1,0.6,,True,True,22.0
2026,WV,2,25.52,41.4,3.0,88.0,3.1,0.1,0.8,,True,True,20.0
2026,WI,1,31.37,40.6,13.3,73.3,5.3,0.1,1.9,,True,True,2.0
2026,WI,2,47.48,37.4,7.2,78.6,4.4,0.1,5.0,,True,True,-21.0
2026,WI,3,28.83,40.1,3.8,88.9,1.0,0.3,2.4,,True,True,3.0
2026,WI,4,35.11,34.3,19.2,40.0,30.7,0.4,5.2,,True,True,-26.0
2026,WI,5,41.55,43.0,6.0,85.9,1.8,0.1,3.0,,True,True,11.0
2026,WI,6,30.01,42.7,6.0,86.0,2.0,0.3,2.6,,True,True,8.0
2026,WI,7,26.71,45.3,3.0,89.4,0.4,1.6,1.5,,True,True,11.0
2026,WI,8,29.29,41.5,6.7,83.7,1.5,1.8,2.5,,True,True,8.0
2026,WY,0,30.43,39.3,10.8,81.3,0.7,1.6,0.8,,True,True,23.0
